RegionID,B,G,R,hex_color
1,208,208,176,#b0d0d0
2,240,240,208,#d0f0f0
3,176,176,144,#90b0b0
4,144,176,176,#b0b090
5,240,240,240,#f0f0f0
6,240,240,208,#d0f0f0
7,240,240,240,#f0f0f0
8,208,208,208,#d0d0d0
9,112,112,144,#907070
10,80,80,112,#705050
11,80,112,112,#707050
12,80,112,112,#707050
13,48,48,48,#303030
14,80,80,80,#505050
15,80,80,112,#705050
16,80,112,112,#707050
17,112,112,144,#907070
18,80,112,112,#707050
19,112,112,144,#907070
20,80,112,112,#707050
21,80,80,80,#505050
22,80,80,80,#505050
23,80,80,112,#705050
24,80,80,80,#505050
25,48,48,80,#503030
26,80,80,112,#705050
27,80,80,80,#505050
28,112,112,112,#707070
29,240,240,240,#f0f0f0
30,240,240,240,#f0f0f0
31,240,240,240,#f0f0f0
32,240,240,240,#f0f0f0
33,240,240,208,#d0f0f0
34,240,240,208,#d0f0f0
35,240,240,208,#d0f0f0
36,240,240,208,#d0f0f0
37,208,208,208,#d0d0d0
38,112,144,144,#909070
39,144,144,176,#b09090
40,240,240,208,#d0f0f0
41,240,240,240,#f0f0f0
42,240,240,240,#f0f0f0
43,48,80,80,#505030
44,208,208,208,#d0d0d0
45,80,144,144,#909050
46,80,80,112,#705050
47,48,48,80,#503030
48,48,48,80,#503030
49,80,80,80,#505050
50,80,80,112,#705050
51,176,176,176,#b0b0b0
52,144,176,144,#90b090
53,240,240,240,#f0f0f0
54,176,176,176,#b0b0b0
55,240,240,240,#f0f0f0
56,240,240,240,#f0f0f0
57,80,80,80,#505050
58,80,80,112,#705050
59,48,80,80,#505030
60,80,80,80,#505050
61,48,80,80,#505030
62,80,80,80,#505050
63,240,240,208,#d0f0f0
64,80,80,112,#705050
65,240,240,240,#f0f0f0
66,240,240,208,#d0f0f0
67,240,240,240,#f0f0f0
68,240,240,240,#f0f0f0
69,240,240,240,#f0f0f0
70,240,240,240,#f0f0f0
71,240,240,240,#f0f0f0
72,144,144,144,#909090
73,240,240,208,#d0f0f0
74,240,240,208,#d0f0f0
75,240,240,208,#d0f0f0
76,80,80,112,#705050
77,80,112,112,#707050
78,176,176,176,#b0b0b0
79,48,48,48,#303030
80,144,144,144,#909090
81,48,48,48,#303030
82,240,240,240,#f0f0f0
83,240,240,240,#f0f0f0
84,48,48,48,#303030
85,80,80,80,#505050
86,80,80,80,#505050
87,48,48,48,#303030
88,80,80,112,#705050
89,80,80,112,#705050
90,80,80,112,#705050
91,80,80,112,#705050
92,240,240,208,#d0f0f0
93,112,112,144,#907070
94,48,48,48,#303030
95,240,240,208,#d0f0f0
96,80,112,144,#907050
97,240,240,240,#f0f0f0
98,48,48,80,#503030
99,80,80,80,#505050
100,240,240,240,#f0f0f0
101,112,112,144,#907070
102,176,176,176,#b0b0b0
103,208,208,208,#d0d0d0
104,80,80,80,#505050
105,48,48,80,#503030
106,240,240,240,#f0f0f0
107,80,80,80,#505050
108,240,240,240,#f0f0f0
109,80,80,80,#505050
110,80,80,80,#505050
111,80,80,80,#505050
112,80,80,80,#505050
113,240,240,240,#f0f0f0
114,208,240,208,#d0f0d0
115,240,240,240,#f0f0f0
116,240,240,208,#d0f0f0
117,240,240,240,#f0f0f0
118,80,112,112,#707050
119,80,80,80,#505050
120,240,240,208,#d0f0f0
121,80,80,112,#705050
122,240,240,240,#f0f0f0
123,240,208,208,#d0d0f0
124,240,240,240,#f0f0f0
125,112,144,144,#909070
126,80,80,112,#705050
127,48,48,48,#303030
128,80,80,80,#505050
129,80,80,80,#505050
130,240,240,208,#d0f0f0
131,240,240,240,#f0f0f0
132,80,112,112,#707050
133,176,176,176,#b0b0b0
134,240,240,240,#f0f0f0
135,80,144,144,#909050
136,48,48,80,#503030
137,112,112,144,#907070
138,80,80,80,#505050
139,240,240,240,#f0f0f0
140,80,80,112,#705050
141,240,240,208,#d0f0f0
142,144,176,144,#90b090
143,80,112,112,#707050
144,112,176,208,#d0b070
145,240,240,240,#f0f0f0
146,240,240,240,#f0f0f0
147,208,208,208,#d0d0d0
148,48,48,48,#303030
149,240,240,240,#f0f0f0
150,80,80,80,#505050
151,80,80,80,#505050
152,48,48,80,#503030
153,240,240,240,#f0f0f0
154,240,240,240,#f0f0f0
155,240,240,240,#f0f0f0
156,80,80,80,#505050
157,240,240,208,#d0f0f0
158,80,112,112,#707050
159,80,80,80,#505050
160,80,80,112,#705050
161,240,240,240,#f0f0f0
162,240,240,208,#d0f0f0
163,240,240,208,#d0f0f0
164,208,208,208,#d0d0d0
165,80,80,80,#505050
166,144,144,144,#909090
167,240,240,240,#f0f0f0
168,240,240,208,#d0f0f0
169,48,48,80,#503030
170,80,80,80,#505050
171,240,240,240,#f0f0f0
172,80,80,112,#705050
173,48,48,80,#503030
174,208,208,208,#d0d0d0
175,80,80,112,#705050
176,240,240,240,#f0f0f0
177,80,80,112,#705050
178,80,80,80,#505050
179,240,240,240,#f0f0f0
180,80,80,80,#505050
181,240,240,240,#f0f0f0
182,208,208,208,#d0d0d0
183,240,240,208,#d0f0f0
184,48,48,48,#303030
185,80,80,80,#505050
186,240,240,208,#d0f0f0
187,80,80,80,#505050
188,240,240,240,#f0f0f0
189,240,240,240,#f0f0f0
190,80,80,80,#505050
191,80,80,80,#505050
192,48,48,48,#303030
193,80,80,112,#705050
194,240,240,240,#f0f0f0
195,80,80,80,#505050
196,240,240,240,#f0f0f0
197,80,80,80,#505050
198,112,144,144,#909070
199,240,240,240,#f0f0f0
200,112,112,112,#707070
201,240,240,240,#f0f0f0
202,240,240,208,#d0f0f0
203,240,240,240,#f0f0f0
204,48,48,48,#303030
205,240,240,208,#d0f0f0
206,240,240,208,#d0f0f0
207,144,144,144,#909090
208,240,240,208,#d0f0f0
209,48,48,80,#503030
210,240,240,208,#d0f0f0
211,80,80,80,#505050
212,240,240,208,#d0f0f0
213,240,240,240,#f0f0f0
214,240,240,240,#f0f0f0
215,48,48,48,#303030
216,48,48,48,#303030
217,80,80,80,#505050
218,80,80,112,#705050
219,240,240,240,#f0f0f0
220,80,48,48,#303050
221,240,240,240,#f0f0f0
222,240,240,240,#f0f0f0
223,112,112,144,#907070
224,48,48,48,#303030
225,240,240,240,#f0f0f0
226,240,240,240,#f0f0f0
227,240,240,240,#f0f0f0
228,240,240,240,#f0f0f0
229,240,240,208,#d0f0f0
230,240,240,208,#d0f0f0
231,240,240,240,#f0f0f0
232,80,112,144,#907050
233,240,240,208,#d0f0f0
234,240,240,240,#f0f0f0
235,80,80,112,#705050
236,240,240,208,#d0f0f0
237,80,80,112,#705050
238,112,112,144,#907070
239,240,240,240,#f0f0f0
240,80,112,112,#707050
241,80,80,112,#705050
242,240,240,240,#f0f0f0
243,240,240,240,#f0f0f0
244,48,48,48,#303030
245,240,240,208,#d0f0f0
246,240,240,208,#d0f0f0
247,240,240,240,#f0f0f0
248,80,112,112,#707050
249,240,240,240,#f0f0f0
250,48,48,48,#303030
251,112,112,144,#907070
252,80,112,144,#907050
253,48,48,48,#303030
254,112,112,144,#907070
255,112,112,112,#707070
256,80,80,80,#505050
257,240,240,240,#f0f0f0
258,48,48,48,#303030
259,240,240,208,#d0f0f0
260,176,176,144,#90b0b0
261,80,80,80,#505050
262,80,112,112,#707050
263,48,48,48,#303030
264,48,48,48,#303030
265,240,240,208,#d0f0f0
266,240,240,208,#d0f0f0
267,112,176,144,#90b070
268,240,240,240,#f0f0f0
269,112,112,144,#907070
270,80,80,80,#505050
271,240,240,208,#d0f0f0
272,240,240,240,#f0f0f0
273,112,112,112,#707070
274,240,240,240,#f0f0f0
275,48,48,48,#303030
276,48,48,48,#303030
277,240,240,240,#f0f0f0
278,240,240,240,#f0f0f0
279,48,48,80,#503030
280,80,80,80,#505050
281,240,240,208,#d0f0f0
282,208,208,208,#d0d0d0
283,80,80,112,#705050
284,48,48,48,#303030
285,80,80,112,#705050
286,240,240,240,#f0f0f0
287,80,80,112,#705050
288,240,240,240,#f0f0f0
289,80,112,112,#707050
290,80,48,48,#303050
291,240,240,240,#f0f0f0
292,240,240,240,#f0f0f0
293,48,48,48,#303030
294,208,208,208,#d0d0d0
295,240,240,208,#d0f0f0
296,48,48,80,#503030
297,80,112,144,#907050
298,112,112,144,#907070
299,80,112,112,#707050
300,240,240,208,#d0f0f0
301,80,80,112,#705050
302,240,240,208,#d0f0f0
303,208,176,176,#b0b0d0
304,240,240,240,#f0f0f0
305,48,48,48,#303030
306,112,112,144,#907070
307,80,80,112,#705050
308,80,112,112,#707050
309,240,240,240,#f0f0f0
310,80,112,112,#707050
311,240,240,240,#f0f0f0
312,240,240,208,#d0f0f0
313,80,80,80,#505050
314,240,240,208,#d0f0f0
315,112,112,112,#707070
316,80,80,112,#705050
317,240,240,240,#f0f0f0
318,80,80,112,#705050
319,240,240,208,#d0f0f0
320,240,240,240,#f0f0f0
321,240,240,208,#d0f0f0
322,112,144,144,#909070
323,240,240,240,#f0f0f0
324,80,80,80,#505050
325,240,240,240,#f0f0f0
326,240,240,208,#d0f0f0
327,240,240,240,#f0f0f0
328,240,240,240,#f0f0f0
329,240,240,208,#d0f0f0
330,80,112,112,#707050
331,80,80,112,#705050
332,240,240,240,#f0f0f0
333,80,80,112,#705050
334,240,240,240,#f0f0f0
335,240,240,208,#d0f0f0
336,80,80,80,#505050
337,112,144,144,#909070
338,80,48,48,#303050
339,80,80,112,#705050
340,240,240,240,#f0f0f0
341,112,144,144,#909070
342,112,144,144,#909070
343,112,112,144,#907070
344,112,112,144,#907070
345,112,112,144,#907070
346,240,240,208,#d0f0f0
347,80,80,80,#505050
348,80,80,80,#505050
349,112,112,112,#707070
350,112,112,112,#707070
351,80,80,80,#505050
352,80,80,80,#505050
353,80,80,112,#705050
354,80,80,80,#505050
355,208,208,208,#d0d0d0
356,48,80,80,#505030
357,240,240,240,#f0f0f0
358,48,48,48,#303030
359,240,240,208,#d0f0f0
360,240,240,240,#f0f0f0
361,80,80,80,#505050
362,112,112,112,#707070
363,240,240,240,#f0f0f0
364,240,240,240,#f0f0f0
365,240,240,208,#d0f0f0
366,240,240,208,#d0f0f0
367,240,240,240,#f0f0f0
368,240,240,240,#f0f0f0
369,240,240,208,#d0f0f0
370,240,240,208,#d0f0f0
371,48,48,80,#503030
372,80,80,112,#705050
373,240,240,240,#f0f0f0
374,240,240,240,#f0f0f0
375,240,240,240,#f0f0f0
376,240,240,208,#d0f0f0
377,208,208,176,#b0d0d0
378,48,48,80,#503030
379,80,80,112,#705050
380,80,80,80,#505050
381,240,240,240,#f0f0f0
382,48,48,48,#303030
383,80,112,112,#707050
384,80,80,80,#505050
385,48,80,80,#505030
386,240,240,240,#f0f0f0
387,80,112,112,#707050
388,240,240,240,#f0f0f0
389,240,240,240,#f0f0f0
390,48,48,48,#303030
391,48,48,48,#303030
392,112,112,112,#707070
393,240,240,240,#f0f0f0
394,80,80,80,#505050
395,48,48,48,#303030
396,240,240,240,#f0f0f0
397,80,80,112,#705050
398,48,48,48,#303030
399,240,240,240,#f0f0f0
400,112,144,144,#909070
401,48,48,80,#503030
402,80,112,144,#907050
403,48,80,80,#505030
404,48,48,48,#303030
405,80,112,112,#707050
406,80,80,80,#505050
407,48,48,80,#503030
408,112,144,144,#909070
409,80,112,112,#707050
410,208,208,208,#d0d0d0
411,80,80,80,#505050
412,240,240,208,#d0f0f0
413,240,240,240,#f0f0f0
414,240,240,208,#d0f0f0
415,240,240,240,#f0f0f0
416,240,240,208,#d0f0f0
417,80,80,112,#705050
418,240,240,240,#f0f0f0
419,240,240,240,#f0f0f0
420,80,112,112,#707050
421,240,240,240,#f0f0f0
422,240,240,240,#f0f0f0
423,240,240,208,#d0f0f0
424,240,240,240,#f0f0f0
425,240,240,208,#d0f0f0
426,240,240,208,#d0f0f0
427,80,112,112,#707050
428,144,144,144,#909090
429,80,80,80,#505050
430,112,144,144,#909070
431,240,240,240,#f0f0f0
432,80,80,112,#705050
433,80,80,112,#705050
434,240,240,240,#f0f0f0
435,80,80,80,#505050
436,48,80,80,#505030
437,112,112,144,#907070
438,80,112,112,#707050
439,112,112,144,#907070
440,80,80,112,#705050
441,80,112,112,#707050
442,112,144,144,#909070
443,112,144,144,#909070
444,80,80,80,#505050
445,240,240,240,#f0f0f0
446,80,80,112,#705050
447,80,112,112,#707050
448,80,80,112,#705050
449,80,112,112,#707050
450,48,80,80,#505030
451,48,48,48,#303030
452,80,80,112,#705050
453,80,80,112,#705050
454,240,240,240,#f0f0f0
455,80,80,112,#705050
456,112,144,112,#709070
457,80,80,112,#705050
458,240,240,240,#f0f0f0
459,240,240,240,#f0f0f0
460,80,112,144,#907050
461,240,240,208,#d0f0f0
462,240,240,240,#f0f0f0
463,80,80,80,#505050
464,240,240,240,#f0f0f0
465,240,240,240,#f0f0f0
466,240,240,240,#f0f0f0
467,112,112,144,#907070
468,240,240,240,#f0f0f0
469,240,240,208,#d0f0f0
470,240,240,240,#f0f0f0
471,240,240,240,#f0f0f0
472,240,240,208,#d0f0f0
473,240,240,240,#f0f0f0
474,48,80,80,#505030
475,80,112,112,#707050
476,240,240,240,#f0f0f0
477,240,240,240,#f0f0f0
478,112,144,144,#909070
479,80,80,112,#705050
480,80,80,112,#705050
481,48,80,80,#505030
482,240,240,240,#f0f0f0
483,240,240,240,#f0f0f0
484,80,112,144,#907050
485,80,80,112,#705050
486,48,80,80,#505030
487,80,80,112,#705050
488,48,48,80,#503030
489,240,240,240,#f0f0f0
490,144,144,144,#909090
491,112,112,112,#707070
492,80,112,144,#907050
493,48,48,80,#503030
494,80,112,112,#707050
495,80,80,112,#705050
496,80,144,144,#909050
497,112,112,144,#907070
498,240,240,240,#f0f0f0
499,80,80,112,#705050
500,80,112,112,#707050
501,80,80,80,#505050
502,240,240,240,#f0f0f0
503,80,112,112,#707050
504,80,80,112,#705050
505,80,112,112,#707050
506,80,80,112,#705050
507,112,112,112,#707070
508,240,240,240,#f0f0f0
509,80,80,112,#705050
510,80,80,80,#505050
511,80,80,112,#705050
512,112,144,144,#909070
513,240,240,240,#f0f0f0
514,240,240,208,#d0f0f0
515,240,240,208,#d0f0f0
516,240,240,208,#d0f0f0
517,240,240,208,#d0f0f0
518,48,48,80,#503030
519,80,80,80,#505050
520,240,240,240,#f0f0f0
521,112,112,144,#907070
522,80,80,80,#505050
523,240,240,240,#f0f0f0
524,240,240,240,#f0f0f0
525,240,240,208,#d0f0f0
526,80,112,112,#707050
527,240,240,240,#f0f0f0
528,80,80,112,#705050
529,240,240,240,#f0f0f0
530,208,208,208,#d0d0d0
531,112,112,144,#907070
532,240,240,240,#f0f0f0
533,240,240,208,#d0f0f0
534,80,80,80,#505050
535,80,112,112,#707050
536,80,80,112,#705050
537,240,240,240,#f0f0f0
538,240,240,240,#f0f0f0
539,112,144,144,#909070
540,80,80,112,#705050
541,240,240,240,#f0f0f0
542,112,112,144,#907070
543,112,112,144,#907070
544,80,80,80,#505050
545,208,208,208,#d0d0d0
546,112,144,144,#909070
547,80,80,112,#705050
548,80,80,112,#705050
549,48,48,80,#503030
550,112,112,144,#907070
551,144,176,176,#b0b090
552,240,240,240,#f0f0f0
553,112,112,144,#907070
554,80,112,112,#707050
555,144,176,176,#b0b090
556,48,48,80,#503030
557,80,80,112,#705050
558,240,240,240,#f0f0f0
559,48,48,48,#303030
560,208,208,208,#d0d0d0
561,240,240,208,#d0f0f0
562,240,240,208,#d0f0f0
563,240,240,240,#f0f0f0
564,144,144,176,#b09090
565,240,240,240,#f0f0f0
566,80,80,80,#505050
567,144,144,176,#b09090
568,80,80,112,#705050
569,240,240,240,#f0f0f0
570,144,144,144,#909090
571,240,240,240,#f0f0f0
572,208,208,208,#d0d0d0
573,240,240,240,#f0f0f0
574,240,240,240,#f0f0f0
575,80,112,112,#707050
576,80,80,112,#705050
577,80,112,144,#907050
578,240,240,240,#f0f0f0
579,208,208,208,#d0d0d0
580,240,240,240,#f0f0f0
581,80,80,80,#505050
582,80,80,112,#705050
583,48,48,80,#503030
584,240,240,240,#f0f0f0
585,176,176,144,#90b0b0
586,112,144,144,#909070
587,48,48,48,#303030
588,112,144,144,#909070
589,80,80,80,#505050
590,112,112,144,#907070
591,80,80,112,#705050
592,48,80,80,#505030
593,144,144,144,#909090
594,80,80,80,#505050
595,112,112,112,#707070
596,144,144,176,#b09090
597,80,80,112,#705050
598,80,80,112,#705050
599,208,208,208,#d0d0d0
600,48,48,80,#503030
601,80,80,80,#505050
602,176,208,176,#b0d0b0
603,176,176,208,#d0b0b0
604,80,112,112,#707050
605,48,48,80,#503030
606,48,80,80,#505030
607,80,80,80,#505050
608,240,240,208,#d0f0f0
609,240,240,208,#d0f0f0
610,240,240,208,#d0f0f0
611,240,240,208,#d0f0f0
612,112,144,144,#909070
613,240,240,208,#d0f0f0
614,112,112,112,#707070
615,80,80,80,#505050
616,240,240,240,#f0f0f0
617,112,112,112,#707070
618,112,144,112,#709070
619,80,112,112,#707050
620,80,48,48,#303050
621,112,112,112,#707070
622,240,240,208,#d0f0f0
623,176,208,176,#b0d0b0
624,80,80,112,#705050
625,240,240,240,#f0f0f0
626,48,48,48,#303030
627,240,240,240,#f0f0f0
628,48,48,48,#303030
629,48,48,48,#303030
630,80,80,80,#505050
631,240,240,240,#f0f0f0
632,144,176,144,#90b090
633,80,80,112,#705050
634,112,144,144,#909070
635,80,80,112,#705050
636,112,144,144,#909070
637,80,80,80,#505050
638,48,48,80,#503030
639,80,80,112,#705050
640,240,240,240,#f0f0f0
641,112,144,144,#909070
642,80,80,80,#505050
643,80,80,112,#705050
644,80,80,80,#505050
645,144,144,144,#909090
646,176,176,144,#90b0b0
647,80,80,80,#505050
648,176,176,176,#b0b0b0
649,112,112,112,#707070
650,240,240,208,#d0f0f0
651,240,240,208,#d0f0f0
652,48,48,48,#303030
653,208,208,208,#d0d0d0
654,80,80,112,#705050
655,80,80,80,#505050
656,144,144,144,#909090
657,240,240,240,#f0f0f0
658,240,240,240,#f0f0f0
659,80,80,80,#505050
660,144,144,144,#909090
661,240,240,240,#f0f0f0
662,112,144,144,#909070
663,240,240,240,#f0f0f0
664,80,80,80,#505050
665,80,80,112,#705050
666,48,48,48,#303030
667,80,80,80,#505050
668,240,240,240,#f0f0f0
669,80,80,80,#505050
670,176,176,176,#b0b0b0
671,144,144,144,#909090
672,48,48,48,#303030
673,48,80,80,#505030
674,80,80,112,#705050
675,80,80,112,#705050
676,48,80,80,#505030
677,144,144,144,#909090
678,208,240,208,#d0f0d0
679,48,48,48,#303030
680,80,80,80,#505050
681,112,112,112,#707070
682,144,144,144,#909090
683,80,112,112,#707050
684,144,144,144,#909090
685,144,176,176,#b0b090
686,240,240,240,#f0f0f0
687,144,176,144,#90b090
688,112,112,112,#707070
689,240,240,240,#f0f0f0
690,48,48,48,#303030
691,48,80,80,#505030
692,240,240,208,#d0f0f0
693,48,48,48,#303030
694,240,240,208,#d0f0f0
695,80,80,80,#505050
696,112,112,112,#707070
697,48,48,80,#503030
698,80,80,112,#705050
699,80,80,80,#505050
700,80,80,80,#505050
701,208,208,208,#d0d0d0
702,48,48,80,#503030
703,48,48,48,#303030
704,48,48,80,#503030
705,112,144,144,#909070
706,240,240,240,#f0f0f0
707,80,112,112,#707050
708,208,208,208,#d0d0d0
709,80,80,80,#505050
710,80,80,80,#505050
711,112,176,144,#90b070
712,112,112,112,#707070
713,144,144,144,#909090
714,80,112,112,#707050
715,80,112,144,#907050
716,48,48,48,#303030
717,144,176,176,#b0b090
718,80,80,80,#505050
719,176,176,176,#b0b0b0
720,80,112,112,#707050
721,176,176,176,#b0b0b0
722,48,48,48,#303030
723,112,112,144,#907070
724,80,80,112,#705050
725,80,80,112,#705050
726,48,48,48,#303030
727,80,112,144,#907050
728,112,112,112,#707070
729,144,144,144,#909090
730,240,240,240,#f0f0f0
731,144,144,144,#909090
732,48,48,48,#303030
733,240,240,208,#d0f0f0
734,80,112,112,#707050
735,48,48,48,#303030
736,240,240,208,#d0f0f0
737,80,80,80,#505050
738,80,80,80,#505050
739,80,80,80,#505050
740,48,48,80,#503030
741,48,48,80,#503030
742,48,48,80,#503030
743,112,144,144,#909070
744,80,80,80,#505050
745,144,144,144,#909090
746,80,80,112,#705050
747,176,176,176,#b0b0b0
748,80,80,112,#705050
749,240,240,240,#f0f0f0
750,240,240,208,#d0f0f0
751,240,240,240,#f0f0f0
752,80,112,144,#907050
753,80,80,80,#505050
754,48,48,48,#303030
755,80,48,80,#503050
756,112,112,144,#907070
757,80,80,80,#505050
758,80,80,112,#705050
759,80,112,112,#707050
760,80,80,112,#705050
761,112,144,144,#909070
762,144,176,176,#b0b090
763,176,176,176,#b0b0b0
764,112,112,112,#707070
765,176,176,176,#b0b0b0
766,240,240,240,#f0f0f0
767,112,144,144,#909070
768,80,80,80,#505050
769,112,112,144,#907070
770,48,48,48,#303030
771,240,240,208,#d0f0f0
772,48,48,80,#503030
773,176,176,144,#90b0b0
774,144,144,176,#b09090
775,48,48,80,#503030
776,208,240,208,#d0f0d0
777,112,112,112,#707070
778,80,80,112,#705050
779,80,80,80,#505050
780,144,144,144,#909090
781,80,80,80,#505050
782,80,80,112,#705050
783,112,144,112,#709070
784,48,48,80,#503030
785,48,48,48,#303030
786,80,112,112,#707050
787,240,240,240,#f0f0f0
788,240,240,208,#d0f0f0
789,240,240,240,#f0f0f0
790,48,48,48,#303030
791,80,112,112,#707050
792,48,48,80,#503030
793,112,112,144,#907070
794,80,80,80,#505050
795,48,48,80,#503030
796,80,80,112,#705050
797,144,144,144,#909090
798,144,144,144,#909090
799,240,240,240,#f0f0f0
800,112,112,144,#907070
801,176,176,176,#b0b0b0
802,48,48,48,#303030
803,240,240,208,#d0f0f0
804,80,80,80,#505050
805,80,112,112,#707050
806,80,112,112,#707050
807,48,48,48,#303030
808,80,112,112,#707050
809,48,48,48,#303030
810,48,48,48,#303030
811,80,80,112,#705050
812,48,48,48,#303030
813,80,80,112,#705050
814,240,240,240,#f0f0f0
815,48,48,48,#303030
816,208,208,208,#d0d0d0
817,112,112,112,#707070
818,80,80,80,#505050
819,48,48,80,#503030
820,144,144,144,#909090
821,48,48,80,#503030
822,240,240,240,#f0f0f0
823,144,144,144,#909090
824,112,112,112,#707070
825,80,80,112,#705050
826,176,176,176,#b0b0b0
827,80,112,112,#707050
828,48,48,80,#503030
829,112,144,144,#909070
830,48,80,80,#505030
831,80,80,80,#505050
832,80,80,112,#705050
833,112,112,144,#907070
834,80,80,112,#705050
835,48,80,80,#505030
836,112,208,208,#d0d070
837,144,144,176,#b09090
838,80,80,80,#505050
839,144,144,144,#909090
840,240,240,240,#f0f0f0
841,80,112,112,#707050
842,80,112,112,#707050
843,80,80,112,#705050
844,80,80,112,#705050
845,48,48,80,#503030
846,208,208,176,#b0d0d0
847,176,208,176,#b0d0b0
848,112,112,144,#907070
849,80,80,80,#505050
850,240,240,240,#f0f0f0
851,208,208,208,#d0d0d0
852,112,112,144,#907070
853,112,112,144,#907070
854,80,80,80,#505050
855,112,144,144,#909070
856,80,144,112,#709050
857,80,80,80,#505050
858,208,208,208,#d0d0d0
859,48,80,80,#505030
860,144,144,144,#909090
861,240,240,240,#f0f0f0
862,240,240,240,#f0f0f0
863,80,80,112,#705050
864,48,80,80,#505030
865,80,80,112,#705050
866,240,240,208,#d0f0f0
867,240,240,240,#f0f0f0
868,112,144,144,#909070
869,112,144,144,#909070
870,80,112,112,#707050
871,80,80,112,#705050
872,176,176,176,#b0b0b0
873,48,80,80,#505030
874,80,112,112,#707050
875,80,80,80,#505050
876,48,48,48,#303030
877,48,48,48,#303030
878,144,144,176,#b09090
879,144,144,144,#909090
880,80,48,48,#303050
881,208,240,208,#d0f0d0
882,144,176,176,#b0b090
883,80,112,112,#707050
884,112,112,112,#707070
885,48,48,80,#503030
886,240,240,208,#d0f0f0
887,240,240,240,#f0f0f0
888,208,208,208,#d0d0d0
889,112,144,144,#909070
890,112,112,144,#907070
891,112,144,144,#909070
892,176,176,176,#b0b0b0
893,208,240,208,#d0f0d0
894,80,80,80,#505050
895,176,208,176,#b0d0b0
896,112,112,112,#707070
897,48,48,48,#303030
898,80,112,112,#707050
899,112,144,176,#b09070
900,80,48,48,#303050
901,144,144,144,#909090
902,112,112,112,#707070
903,80,80,112,#705050
904,80,80,80,#505050
905,112,144,176,#b09070
906,144,144,144,#909090
907,112,144,144,#909070
908,112,176,144,#90b070
909,80,80,80,#505050
910,144,176,176,#b0b090
911,240,240,240,#f0f0f0
912,80,112,112,#707050
913,112,112,144,#907070
914,80,80,80,#505050
915,144,144,176,#b09090
916,240,240,240,#f0f0f0
917,80,80,112,#705050
918,240,240,208,#d0f0f0
919,112,112,144,#907070
920,48,80,80,#505030
921,144,176,176,#b0b090
922,48,48,80,#503030
923,144,176,176,#b0b090
924,240,240,240,#f0f0f0
925,80,112,144,#907050
926,240,240,240,#f0f0f0
927,80,80,80,#505050
928,80,80,112,#705050
929,112,112,144,#907070
930,48,48,80,#503030
931,240,240,240,#f0f0f0
932,48,48,80,#503030
933,240,240,240,#f0f0f0
934,112,112,112,#707070
935,240,240,240,#f0f0f0
936,144,144,176,#b09090
937,112,144,144,#909070
938,80,80,80,#505050
939,144,144,176,#b09090
940,176,176,176,#b0b0b0
941,80,80,80,#505050
942,112,112,112,#707070
943,144,144,144,#909090
944,144,144,176,#b09090
945,80,80,80,#505050
946,144,144,176,#b09090
947,208,240,208,#d0f0d0
948,144,144,176,#b09090
949,48,48,80,#503030
950,48,48,48,#303030
951,144,176,176,#b0b090
952,48,80,80,#505030
953,112,144,176,#b09070
954,208,208,208,#d0d0d0
955,112,112,112,#707070
956,144,176,176,#b0b090
957,240,240,240,#f0f0f0
958,112,144,144,#909070
959,144,144,176,#b09090
960,48,48,48,#303030
961,144,176,144,#90b090
962,80,112,144,#907050
963,240,240,208,#d0f0f0
964,144,176,176,#b0b090
965,112,112,144,#907070
966,80,80,80,#505050
967,112,144,144,#909070
968,80,144,144,#909050
969,240,240,240,#f0f0f0
970,144,208,176,#b0d090
971,112,112,144,#907070
972,112,112,144,#907070
973,112,112,144,#907070
974,208,208,208,#d0d0d0
975,144,176,176,#b0b090
976,112,112,112,#707070
977,112,112,112,#707070
978,144,144,176,#b09090
979,240,240,240,#f0f0f0
980,240,240,240,#f0f0f0
981,80,112,112,#707050
982,144,144,176,#b09090
983,112,112,144,#907070
984,144,176,176,#b0b090
985,240,240,240,#f0f0f0
986,80,112,112,#707050
987,112,144,144,#909070
988,144,144,144,#909090
989,80,80,112,#705050
990,80,112,112,#707050
991,48,48,80,#503030
992,48,80,80,#505030
993,80,80,80,#505050
994,240,240,240,#f0f0f0
995,80,80,80,#505050
996,112,112,112,#707070
997,80,112,144,#907050
998,240,240,240,#f0f0f0
999,208,208,208,#d0d0d0
1000,112,176,176,#b0b070
1001,240,240,240,#f0f0f0
1002,80,80,112,#705050
1003,240,240,240,#f0f0f0
1004,144,176,176,#b0b090
1005,240,240,240,#f0f0f0
1006,144,176,176,#b0b090
1007,144,144,176,#b09090
1008,48,80,80,#505030
1009,112,112,144,#907070
1010,80,80,80,#505050
1011,112,144,112,#709070
1012,48,48,80,#503030
1013,208,240,208,#d0f0d0
1014,144,144,144,#909090
1015,144,144,144,#909090
1016,112,144,112,#709070
1017,80,80,112,#705050
1018,80,80,112,#705050
1019,144,176,176,#b0b090
1020,112,144,144,#909070
1021,240,240,208,#d0f0f0
1022,112,144,144,#909070
1023,144,176,176,#b0b090
1024,80,80,80,#505050
1025,112,208,208,#d0d070
1026,144,176,144,#90b090
1027,80,80,48,#305050
1028,80,112,112,#707050
1029,80,144,144,#909050
1030,80,80,80,#505050
1031,240,240,240,#f0f0f0
1032,112,144,144,#909070
1033,112,144,144,#909070
1034,112,176,176,#b0b070
1035,80,80,112,#705050
1036,80,80,112,#705050
1037,112,144,144,#909070
1038,80,112,112,#707050
1039,80,48,48,#303050
1040,112,144,144,#909070
1041,80,80,80,#505050
1042,80,112,112,#707050
1043,112,144,144,#909070
1044,144,144,176,#b09090
1045,144,144,144,#909090
1046,112,144,144,#909070
1047,112,144,144,#909070
1048,112,112,112,#707070
1049,48,80,80,#505030
1050,80,144,144,#909050
1051,80,80,112,#705050
1052,80,80,112,#705050
1053,144,144,144,#909090
1054,80,80,80,#505050
1055,208,208,208,#d0d0d0
1056,112,144,144,#909070
1057,112,112,112,#707070
1058,112,112,144,#907070
1059,80,80,80,#505050
1060,112,112,144,#907070
1061,48,80,80,#505030
1062,80,144,144,#909050
1063,144,144,144,#909090
1064,112,112,144,#907070
1065,112,112,112,#707070
1066,80,48,48,#303050
1067,112,144,144,#909070
1068,144,176,176,#b0b090
1069,48,48,48,#303030
1070,144,144,176,#b09090
1071,80,80,80,#505050
1072,80,80,80,#505050
1073,208,208,208,#d0d0d0
1074,80,112,112,#707050
1075,112,112,112,#707070
1076,48,80,80,#505030
1077,112,112,112,#707070
1078,240,240,240,#f0f0f0
1079,144,144,144,#909090
1080,80,80,112,#705050
1081,112,112,112,#707070
1082,208,240,208,#d0f0d0
1083,112,144,144,#909070
1084,80,112,112,#707050
1085,112,112,112,#707070
1086,80,80,80,#505050
1087,80,112,112,#707050
1088,144,176,176,#b0b090
1089,240,240,240,#f0f0f0
1090,208,240,208,#d0f0d0
1091,240,240,240,#f0f0f0
1092,80,80,80,#505050
1093,80,112,112,#707050
1094,80,80,80,#505050
1095,176,208,208,#d0d0b0
1096,112,144,112,#709070
1097,112,176,176,#b0b070
1098,176,176,176,#b0b0b0
1099,112,112,112,#707070
1100,112,176,144,#90b070
1101,112,176,176,#b0b070
1102,80,176,144,#90b050
1103,48,80,80,#505030
1104,112,144,144,#909070
1105,112,144,144,#909070
1106,48,48,48,#303030
1107,80,112,112,#707050
1108,80,80,80,#505050
1109,48,48,48,#303030
1110,80,144,144,#909050
1111,80,112,112,#707050
1112,144,144,144,#909090
1113,48,48,80,#503030
1114,80,112,112,#707050
1115,112,176,176,#b0b070
1116,80,112,112,#707050
1117,48,48,48,#303030
1118,144,176,144,#90b090
1119,80,144,112,#709050
1120,112,112,112,#707070
1121,112,112,112,#707070
1122,112,112,112,#707070
1123,80,80,80,#505050
1124,48,48,48,#303030
1125,48,48,48,#303030
1126,48,80,80,#505030
1127,80,80,112,#705050
1128,48,48,48,#303030
1129,144,144,144,#909090
1130,112,176,176,#b0b070
1131,240,240,240,#f0f0f0
1132,80,80,80,#505050
1133,80,112,112,#707050
1134,176,176,176,#b0b0b0
1135,112,112,144,#907070
1136,80,80,80,#505050
1137,80,112,80,#507050
1138,48,48,48,#303030
1139,48,48,80,#503030
1140,48,48,48,#303030
1141,80,176,176,#b0b050
1142,80,80,112,#705050
1143,144,176,176,#b0b090
1144,80,80,80,#505050
1145,112,176,176,#b0b070
1146,48,48,48,#303030
1147,80,112,112,#707050
1148,80,80,80,#505050
1149,80,80,80,#505050
1150,48,48,48,#303030
1151,80,144,144,#909050
1152,112,144,144,#909070
1153,48,80,80,#505030
1154,48,48,48,#303030
1155,80,80,80,#505050
1156,48,80,112,#705030
1157,48,48,48,#303030
1158,80,80,112,#705050
1159,48,112,80,#507030
1160,80,80,80,#505050
1161,80,80,80,#505050
1162,208,240,208,#d0f0d0
1163,112,208,176,#b0d070
1164,112,144,144,#909070
1165,144,208,208,#d0d090
1166,240,240,240,#f0f0f0
1167,144,176,176,#b0b090
1168,48,48,48,#303030
1169,112,144,144,#909070
1170,144,208,208,#d0d090
1171,112,144,144,#909070
1172,80,144,144,#909050
1173,80,80,112,#705050
1174,144,144,144,#909090
1175,48,48,48,#303030
1176,112,112,144,#907070
1177,80,80,80,#505050
1178,144,144,144,#909090
1179,112,112,112,#707070
1180,48,48,48,#303030
1181,80,80,112,#705050
1182,48,48,48,#303030
1183,144,144,176,#b09090
1184,48,80,112,#705030
1185,48,48,48,#303030
1186,80,112,112,#707050
1187,80,80,80,#505050
1188,144,144,176,#b09090
1189,48,48,48,#303030
1190,112,112,112,#707070
1191,80,112,112,#707050
1192,144,208,208,#d0d090
1193,80,112,112,#707050
1194,240,240,240,#f0f0f0
1195,80,80,80,#505050
1196,240,240,240,#f0f0f0
1197,80,112,112,#707050
1198,144,144,176,#b09090
1199,112,112,112,#707070
1200,112,112,144,#907070
1201,80,144,144,#909050
1202,80,80,80,#505050
1203,80,80,80,#505050
1204,80,80,80,#505050
1205,80,80,80,#505050
1206,48,48,48,#303030
1207,208,240,208,#d0f0d0
1208,208,208,208,#d0d0d0
1209,80,80,80,#505050
1210,112,176,176,#b0b070
1211,240,240,240,#f0f0f0
1212,80,80,112,#705050
1213,48,48,48,#303030
1214,48,48,48,#303030
1215,80,112,112,#707050
1216,80,80,112,#705050
1217,112,144,144,#909070
1218,80,112,112,#707050
1219,80,144,144,#909050
1220,80,112,112,#707050
1221,80,112,112,#707050
1222,112,176,176,#b0b070
1223,80,144,144,#909050
1224,48,48,80,#503030
1225,80,176,176,#b0b050
1226,80,80,80,#505050
1227,144,176,176,#b0b090
1228,80,112,112,#707050
1229,48,48,80,#503030
1230,240,240,240,#f0f0f0
1231,48,48,80,#503030
1232,80,80,112,#705050
1233,80,80,112,#705050
1234,80,80,80,#505050
1235,48,80,80,#505030
1236,80,80,112,#705050
1237,80,112,112,#707050
1238,112,144,144,#909070
1239,80,80,80,#505050
1240,80,80,112,#705050
1241,80,80,112,#705050
1242,112,208,208,#d0d070
1243,80,112,112,#707050
1244,48,48,48,#303030
1245,48,48,48,#303030
1246,176,208,208,#d0d0b0
1247,80,208,208,#d0d050
1248,112,144,144,#909070
1249,48,80,80,#505030
1250,112,112,112,#707070
1251,48,144,144,#909030
1252,144,176,144,#90b090
1253,112,176,176,#b0b070
1254,80,176,176,#b0b050
1255,112,144,112,#709070
1256,112,144,144,#909070
1257,208,240,208,#d0f0d0
1258,80,176,144,#90b050
1259,80,80,112,#705050
1260,80,144,144,#909050
1261,112,144,144,#909070
1262,48,48,80,#503030
1263,80,80,80,#505050
1264,80,112,112,#707050
1265,112,112,112,#707070
1266,80,80,80,#505050
1267,144,144,176,#b09090
1268,80,112,112,#707050
1269,144,176,176,#b0b090
1270,208,208,208,#d0d0d0
1271,80,112,112,#707050
1272,80,144,144,#909050
1273,80,112,112,#707050
1274,80,80,112,#705050
1275,48,48,48,#303030
1276,112,112,112,#707070
1277,80,112,112,#707050
1278,80,144,144,#909050
1279,48,48,48,#303030
1280,80,80,80,#505050
1281,144,144,144,#909090
1282,80,80,112,#705050
1283,80,144,144,#909050
1284,80,112,112,#707050
1285,80,80,112,#705050
1286,48,80,48,#305030
1287,80,80,80,#505050
1288,112,144,144,#909070
1289,112,112,144,#907070
1290,48,80,80,#505030
1291,144,176,176,#b0b090
1292,112,144,144,#909070
1293,48,80,80,#505030
1294,48,112,80,#507030
1295,144,144,176,#b09090
1296,48,80,80,#505030
1297,112,144,176,#b09070
1298,112,144,144,#909070
1299,48,80,80,#505030
1300,80,112,112,#707050
1301,112,176,176,#b0b070
1302,112,112,144,#907070
1303,112,112,112,#707070
1304,112,112,144,#907070
1305,80,112,112,#707050
1306,112,112,144,#907070
1307,80,112,112,#707050
1308,80,144,144,#909050
1309,48,48,80,#503030
1310,80,80,112,#705050
1311,80,112,112,#707050
1312,112,144,176,#b09070
1313,80,80,112,#705050
1314,112,112,112,#707070
1315,112,112,144,#907070
1316,48,80,80,#505030
1317,144,176,176,#b0b090
1318,80,80,112,#705050
1319,80,112,112,#707050
1320,80,112,144,#907050
1321,112,144,144,#909070
1322,112,112,144,#907070
1323,112,176,176,#b0b070
1324,80,144,144,#909050
1325,112,112,144,#907070
1326,112,176,144,#90b070
1327,144,144,176,#b09090
1328,112,144,176,#b09070
1329,112,144,144,#909070
1330,112,144,144,#909070
1331,112,144,144,#909070
1332,112,112,144,#907070
1333,80,112,112,#707050
1334,80,80,112,#705050
1335,112,112,144,#907070
1336,80,112,112,#707050
1337,80,112,112,#707050
1338,80,112,112,#707050
1339,80,80,80,#505050
1340,80,112,80,#507050
1341,80,80,80,#505050
1342,80,112,80,#507050
1343,144,208,208,#d0d090
1344,80,112,112,#707050
1345,80,112,80,#507050
1346,112,144,144,#909070
1347,80,144,144,#909050
1348,80,112,112,#707050
1349,80,144,144,#909050
1350,112,144,144,#909070
1351,48,48,80,#503030
1352,112,112,144,#907070
1353,80,80,112,#705050
1354,80,112,112,#707050
1355,80,80,80,#505050
1356,240,240,240,#f0f0f0
1357,80,112,112,#707050
1358,48,80,80,#505030
1359,112,144,144,#909070
1360,112,112,144,#907070
1361,48,80,80,#505030
1362,112,144,112,#709070
1363,144,144,176,#b09090
1364,144,144,176,#b09090
1365,112,144,176,#b09070
1366,112,144,144,#909070
1367,80,112,112,#707050
1368,112,112,144,#907070
1369,80,80,112,#705050
1370,112,144,144,#909070
1371,48,48,48,#303030
1372,80,112,112,#707050
1373,112,144,176,#b09070
1374,48,48,80,#503030
1375,80,112,112,#707050
1376,80,80,80,#505050
1377,80,80,80,#505050
1378,112,144,144,#909070
1379,144,144,176,#b09090
1380,112,112,112,#707070
1381,208,240,208,#d0f0d0
1382,80,112,112,#707050
1383,144,144,176,#b09090
1384,144,144,176,#b09090
1385,144,144,176,#b09090
1386,112,144,144,#909070
1387,80,112,112,#707050
1388,144,144,144,#909090
1389,80,80,80,#505050
1390,80,112,112,#707050
1391,80,112,112,#707050
1392,112,176,208,#d0b070
1393,80,112,112,#707050
1394,80,112,112,#707050
1395,48,80,80,#505030
1396,80,112,112,#707050
1397,80,112,144,#907050
1398,80,112,144,#907050
1399,240,240,240,#f0f0f0
1400,80,80,80,#505050
1401,144,144,176,#b09090
1402,112,112,144,#907070
1403,112,144,176,#b09070
1404,176,176,208,#d0b0b0
1405,80,112,80,#507050
1406,48,80,48,#305030
1407,112,112,144,#907070
1408,80,80,112,#705050
1409,144,176,176,#b0b090
1410,112,112,144,#907070
1411,48,48,48,#303030
1412,112,112,112,#707070
1413,48,80,80,#505030
1414,112,112,144,#907070
1415,80,80,112,#705050
1416,80,112,112,#707050
1417,208,240,208,#d0f0d0
1418,80,112,144,#907050
1419,80,80,80,#505050
1420,80,112,112,#707050
1421,48,48,80,#503030
1422,80,80,112,#705050
1423,80,112,144,#907050
1424,144,144,176,#b09090
1425,80,80,80,#505050
1426,80,80,112,#705050
1427,48,80,80,#505030
1428,112,144,144,#909070
1429,144,176,176,#b0b090
1430,144,144,176,#b09090
1431,80,112,112,#707050
1432,80,112,112,#707050
1433,48,48,48,#303030
1434,80,80,80,#505050
1435,80,80,112,#705050
1436,80,112,112,#707050
1437,80,112,112,#707050
1438,48,48,80,#503030
1439,144,144,144,#909090
1440,112,144,144,#909070
1441,112,144,144,#909070
1442,112,112,144,#907070
1443,112,112,144,#907070
1444,112,112,112,#707070
1445,80,80,80,#505050
1446,144,176,176,#b0b090
1447,144,144,176,#b09090
1448,48,48,48,#303030
1449,112,144,144,#909070
1450,80,112,112,#707050
1451,48,80,48,#305030
1452,112,112,144,#907070
1453,112,144,144,#909070
1454,80,80,80,#505050
1455,112,112,144,#907070
1456,80,112,112,#707050
1457,80,80,80,#505050
1458,112,144,176,#b09070
1459,112,112,112,#707070
1460,80,80,112,#705050
1461,112,144,144,#909070
1462,144,176,176,#b0b090
1463,80,112,112,#707050
1464,80,144,144,#909050
1465,112,144,144,#909070
1466,112,112,112,#707070
1467,112,112,144,#907070
1468,80,80,112,#705050
1469,112,112,112,#707070
1470,80,112,80,#507050
1471,48,48,48,#303030
1472,48,48,48,#303030
1473,80,80,112,#705050
1474,80,80,80,#505050
1475,112,112,144,#907070
1476,80,112,80,#507050
1477,112,144,144,#909070
1478,112,112,112,#707070
1479,48,48,48,#303030
1480,144,176,176,#b0b090
1481,144,176,176,#b0b090
1482,80,80,112,#705050
1483,80,112,144,#907050
1484,80,80,112,#705050
1485,80,80,112,#705050
1486,48,48,48,#303030
1487,80,80,80,#505050
1488,48,48,48,#303030
1489,112,112,144,#907070
1490,80,80,80,#505050
1491,48,80,48,#305030
1492,144,176,176,#b0b090
1493,80,112,144,#907050
1494,80,80,80,#505050
1495,48,80,80,#505030
1496,144,176,176,#b0b090
1497,80,80,112,#705050
1498,144,144,176,#b09090
1499,48,48,48,#303030
1500,112,144,144,#909070
1501,80,112,112,#707050
1502,112,144,144,#909070
1503,48,80,80,#505030
1504,112,144,176,#b09070
1505,48,80,80,#505030
1506,112,144,144,#909070
1507,144,176,176,#b0b090
1508,144,144,176,#b09090
1509,80,80,112,#705050
1510,144,144,176,#b09090
1511,48,48,80,#503030
1512,112,144,144,#909070
1513,80,80,112,#705050
1514,48,48,48,#303030
1515,80,80,80,#505050
1516,144,176,176,#b0b090
1517,80,80,112,#705050
1518,80,112,112,#707050
1519,144,144,176,#b09090
1520,144,144,176,#b09090
1521,112,144,112,#709070
1522,80,80,80,#505050
1523,112,112,144,#907070
1524,80,112,112,#707050
1525,144,144,144,#909090
1526,48,48,48,#303030
1527,80,80,80,#505050
1528,144,144,176,#b09090
1529,144,144,176,#b09090
1530,144,176,176,#b0b090
1531,112,144,112,#709070
1532,80,80,80,#505050
1533,80,80,80,#505050
1534,48,48,48,#303030
1535,80,80,80,#505050
1536,144,176,176,#b0b090
1537,176,176,208,#d0b0b0
1538,48,48,48,#303030
1539,48,48,48,#303030
1540,80,112,112,#707050
1541,48,80,80,#505030
1542,176,176,176,#b0b0b0
1543,112,144,144,#909070
1544,80,112,112,#707050
1545,144,176,176,#b0b090
1546,144,176,176,#b0b090
1547,144,176,176,#b0b090
1548,48,48,48,#303030
1549,144,176,176,#b0b090
1550,80,112,112,#707050
1551,80,112,144,#907050
1552,48,48,80,#503030
1553,112,112,144,#907070
1554,80,112,112,#707050
1555,208,240,208,#d0f0d0
1556,48,80,48,#305030
1557,112,112,112,#707070
1558,80,112,112,#707050
1559,112,144,144,#909070
1560,80,112,112,#707050
1561,240,240,240,#f0f0f0
1562,80,80,80,#505050
1563,144,176,176,#b0b090
1564,80,80,112,#705050
1565,48,48,80,#503030
1566,80,80,80,#505050
1567,80,112,112,#707050
1568,80,80,80,#505050
1569,112,144,176,#b09070
1570,48,48,80,#503030
1571,80,80,80,#505050
1572,48,80,80,#505030
1573,112,144,144,#909070
1574,112,144,144,#909070
1575,144,144,176,#b09090
1576,80,80,112,#705050
1577,144,144,176,#b09090
1578,80,80,80,#505050
1579,240,240,240,#f0f0f0
1580,80,80,112,#705050
1581,112,112,144,#907070
1582,112,112,144,#907070
1583,112,144,144,#909070
1584,144,144,144,#909090
1585,80,80,80,#505050
1586,80,80,80,#505050
1587,240,240,240,#f0f0f0
1588,208,208,208,#d0d0d0
1589,80,80,80,#505050
1590,144,144,176,#b09090
1591,112,144,144,#909070
1592,48,48,48,#303030
1593,80,112,144,#907050
1594,80,112,112,#707050
1595,80,80,112,#705050
1596,48,48,80,#503030
1597,48,48,48,#303030
1598,112,112,112,#707070
1599,112,144,144,#909070
1600,112,144,144,#909070
1601,48,48,80,#503030
1602,144,144,176,#b09090
1603,240,240,240,#f0f0f0
1604,80,80,80,#505050
1605,48,80,80,#505030
1606,144,144,176,#b09090
1607,80,80,80,#505050
1608,80,80,80,#505050
1609,112,112,112,#707070
1610,176,176,176,#b0b0b0
1611,80,80,80,#505050
1612,176,176,176,#b0b0b0
1613,80,80,80,#505050
1614,240,240,240,#f0f0f0
1615,80,80,112,#705050
1616,112,112,112,#707070
1617,80,80,80,#505050
1618,80,80,80,#505050
1619,80,112,144,#907050
1620,144,176,208,#d0b090
1621,48,48,48,#303030
1622,144,144,176,#b09090
1623,112,144,144,#909070
1624,48,80,80,#505030
1625,80,80,112,#705050
1626,80,112,144,#907050
1627,80,112,144,#907050
1628,240,240,240,#f0f0f0
1629,80,80,80,#505050
1630,208,208,208,#d0d0d0
1631,48,48,48,#303030
1632,80,112,112,#707050
1633,144,176,176,#b0b090
1634,144,176,208,#d0b090
1635,80,80,112,#705050
1636,80,112,112,#707050
1637,112,112,144,#907070
1638,144,144,176,#b09090
1639,112,144,144,#909070
1640,112,144,144,#909070
1641,48,48,48,#303030
1642,80,80,112,#705050
1643,112,112,112,#707070
1644,48,48,48,#303030
1645,144,176,176,#b0b090
1646,208,208,208,#d0d0d0
1647,144,144,176,#b09090
1648,80,112,112,#707050
1649,48,48,80,#503030
1650,144,144,176,#b09090
1651,208,240,208,#d0f0d0
1652,80,112,112,#707050
1653,112,112,144,#907070
1654,112,144,176,#b09070
1655,144,144,176,#b09090
1656,112,144,144,#909070
1657,80,112,112,#707050
1658,112,144,144,#909070
1659,48,48,48,#303030
1660,80,112,80,#507050
1661,48,80,80,#505030
1662,240,240,240,#f0f0f0
1663,144,176,176,#b0b090
1664,80,80,112,#705050
1665,48,48,48,#303030
1666,80,80,112,#705050
1667,112,112,144,#907070
1668,80,80,80,#505050
1669,80,80,80,#505050
1670,144,176,144,#90b090
1671,80,112,112,#707050
1672,144,144,176,#b09090
1673,80,80,80,#505050
1674,112,112,144,#907070
1675,176,176,176,#b0b0b0
1676,144,144,176,#b09090
1677,80,80,112,#705050
1678,80,80,80,#505050
1679,80,112,112,#707050
1680,80,80,80,#505050
1681,80,112,144,#907050
1682,144,176,176,#b0b090
1683,80,80,80,#505050
1684,112,112,144,#907070
1685,112,144,144,#909070
1686,48,48,80,#503030
1687,80,112,112,#707050
1688,144,144,176,#b09090
1689,112,144,144,#909070
1690,112,144,144,#909070
1691,112,112,112,#707070
1692,80,80,112,#705050
1693,240,240,240,#f0f0f0
1694,112,112,144,#907070
1695,112,112,112,#707070
1696,80,80,112,#705050
1697,176,208,208,#d0d0b0
1698,80,80,112,#705050
1699,80,80,80,#505050
1700,48,80,80,#505030
1701,80,80,80,#505050
1702,48,48,80,#503030
1703,48,48,48,#303030
1704,80,112,112,#707050
1705,144,176,176,#b0b090
1706,208,240,208,#d0f0d0
1707,112,144,144,#909070
1708,48,48,80,#503030
1709,144,144,176,#b09090
1710,112,144,144,#909070
1711,48,48,80,#503030
1712,80,80,112,#705050
1713,112,144,144,#909070
1714,112,144,144,#909070
1715,144,144,144,#909090
1716,240,240,240,#f0f0f0
1717,144,176,208,#d0b090
1718,112,112,112,#707070
1719,144,176,176,#b0b090
1720,80,112,144,#907050
1721,112,144,144,#909070
1722,112,144,176,#b09070
1723,80,112,144,#907050
1724,48,80,80,#505030
1725,80,80,80,#505050
1726,112,144,144,#909070
1727,80,80,112,#705050
1728,176,176,176,#b0b0b0
1729,80,80,80,#505050
1730,48,48,80,#503030
1731,80,80,112,#705050
1732,80,112,144,#907050
1733,80,112,144,#907050
1734,80,112,112,#707050
1735,112,112,144,#907070
1736,48,80,48,#305030
1737,48,80,80,#505030
1738,48,48,48,#303030
1739,112,144,144,#909070
1740,112,112,144,#907070
1741,80,112,112,#707050
1742,176,176,176,#b0b0b0
1743,144,144,144,#909090
1744,112,144,176,#b09070
1745,80,112,112,#707050
1746,48,48,80,#503030
1747,80,80,112,#705050
1748,112,112,112,#707070
1749,112,112,112,#707070
1750,80,80,80,#505050
1751,48,48,48,#303030
1752,80,112,112,#707050
1753,144,144,144,#909090
1754,80,80,112,#705050
1755,80,112,80,#507050
1756,80,80,112,#705050
1757,144,144,176,#b09090
1758,80,80,80,#505050
1759,80,80,112,#705050
1760,48,48,48,#303030
1761,176,176,208,#d0b0b0
1762,112,112,144,#907070
1763,80,112,112,#707050
1764,80,80,80,#505050
1765,80,112,144,#907050
1766,80,80,80,#505050
1767,48,48,48,#303030
1768,48,48,48,#303030
1769,80,112,112,#707050
1770,80,112,112,#707050
1771,80,112,112,#707050
1772,80,112,144,#907050
1773,112,112,112,#707070
1774,80,80,112,#705050
1775,80,112,144,#907050
1776,144,144,176,#b09090
1777,112,112,144,#907070
1778,80,80,80,#505050
1779,48,80,80,#505030
1780,144,176,176,#b0b090
1781,144,144,176,#b09090
1782,144,144,144,#909090
1783,80,112,112,#707050
1784,48,48,80,#503030
1785,80,112,144,#907050
1786,144,144,176,#b09090
1787,80,112,144,#907050
1788,80,80,80,#505050
1789,80,112,112,#707050
1790,48,48,80,#503030
1791,144,144,144,#909090
1792,48,48,48,#303030
1793,80,112,80,#507050
1794,80,112,144,#907050
1795,48,80,48,#305030
1796,48,80,80,#505030
1797,112,144,144,#909070
1798,80,80,112,#705050
1799,144,176,176,#b0b090
1800,112,112,144,#907070
1801,80,112,112,#707050
1802,80,80,112,#705050
1803,80,80,80,#505050
1804,112,144,144,#909070
1805,112,112,144,#907070
1806,80,80,112,#705050
1807,80,80,144,#905050
1808,48,48,80,#503030
1809,144,144,176,#b09090
1810,240,240,240,#f0f0f0
1811,80,80,112,#705050
1812,112,112,112,#707070
1813,112,144,144,#909070
1814,176,176,176,#b0b0b0
1815,80,112,112,#707050
1816,80,80,80,#505050
1817,112,112,112,#707070
1818,80,80,80,#505050
1819,112,144,144,#909070
1820,80,80,80,#505050
1821,240,240,240,#f0f0f0
1822,80,80,112,#705050
1823,112,144,144,#909070
1824,80,80,112,#705050
1825,48,80,80,#505030
1826,112,112,144,#907070
1827,112,144,144,#909070
1828,112,144,144,#909070
1829,80,80,112,#705050
1830,80,112,144,#907050
1831,112,144,144,#909070
1832,48,48,48,#303030
1833,112,112,144,#907070
1834,80,112,112,#707050
1835,80,80,112,#705050
1836,144,176,176,#b0b090
1837,144,144,176,#b09090
1838,144,176,176,#b0b090
1839,80,112,112,#707050
1840,48,48,48,#303030
1841,144,144,176,#b09090
1842,80,80,80,#505050
1843,112,112,144,#907070
1844,112,112,112,#707070
1845,112,144,176,#b09070
1846,240,240,240,#f0f0f0
1847,80,112,80,#507050
1848,80,80,112,#705050
1849,48,48,80,#503030
1850,80,80,112,#705050
1851,80,80,112,#705050
1852,80,112,112,#707050
1853,80,80,80,#505050
1854,80,80,112,#705050
1855,144,144,144,#909090
1856,112,112,144,#907070
1857,80,80,112,#705050
1858,80,80,112,#705050
1859,144,176,176,#b0b090
1860,80,80,80,#505050
1861,240,240,240,#f0f0f0
1862,80,80,112,#705050
1863,144,144,176,#b09090
1864,80,144,112,#709050
1865,48,80,48,#305030
1866,48,80,80,#505030
1867,80,80,112,#705050
1868,112,112,112,#707070
1869,80,80,112,#705050
1870,144,176,176,#b0b090
1871,144,144,144,#909090
1872,80,80,112,#705050
1873,80,80,80,#505050
1874,144,144,144,#909090
1875,80,112,112,#707050
1876,112,112,112,#707070
1877,176,176,176,#b0b0b0
1878,112,112,144,#907070
1879,80,80,112,#705050
1880,48,48,48,#303030
1881,80,80,112,#705050
1882,112,144,144,#909070
1883,80,80,112,#705050
1884,80,80,112,#705050
1885,112,112,144,#907070
1886,112,144,112,#709070
1887,48,48,48,#303030
1888,112,144,144,#909070
1889,80,80,112,#705050
1890,144,176,176,#b0b090
1891,80,80,112,#705050
1892,80,80,112,#705050
1893,80,80,80,#505050
1894,48,80,80,#505030
1895,112,176,144,#90b070
1896,48,80,80,#505030
1897,208,208,240,#f0d0d0
1898,112,112,144,#907070
1899,240,240,240,#f0f0f0
1900,112,144,176,#b09070
1901,208,208,208,#d0d0d0
1902,80,112,144,#907050
1903,112,112,112,#707070
1904,48,80,80,#505030
1905,176,176,208,#d0b0b0
1906,80,112,80,#507050
1907,48,48,80,#503030
1908,48,80,80,#505030
1909,144,144,144,#909090
1910,80,80,112,#705050
1911,48,80,48,#305030
1912,80,112,144,#907050
1913,80,80,112,#705050
1914,80,80,112,#705050
1915,112,144,144,#909070
1916,48,80,80,#505030
1917,144,176,176,#b0b090
1918,48,48,48,#303030
1919,144,144,144,#909090
1920,80,80,112,#705050
1921,80,80,80,#505050
1922,112,112,144,#907070
1923,48,48,48,#303030
1924,112,144,176,#b09070
1925,112,112,112,#707070
1926,80,80,112,#705050
1927,80,80,80,#505050
1928,144,176,176,#b0b090
1929,176,176,176,#b0b0b0
1930,80,80,80,#505050
1931,48,48,80,#503030
1932,208,208,208,#d0d0d0
1933,48,48,80,#503030
1934,144,144,144,#909090
1935,80,80,80,#505050
1936,48,48,80,#503030
1937,144,144,176,#b09090
1938,112,112,112,#707070
1939,48,80,80,#505030
1940,144,144,112,#709090
1941,144,144,176,#b09090
1942,48,48,80,#503030
1943,80,112,112,#707050
1944,48,48,48,#303030
1945,48,48,48,#303030
1946,144,144,144,#909090
1947,48,48,48,#303030
1948,208,240,240,#f0f0d0
1949,80,80,112,#705050
1950,112,112,112,#707070
1951,176,176,176,#b0b0b0
1952,112,112,112,#707070
1953,80,80,80,#505050
1954,48,80,48,#305030
1955,80,80,112,#705050
1956,112,112,112,#707070
1957,80,80,80,#505050
1958,80,112,112,#707050
1959,80,144,144,#909050
1960,112,112,112,#707070
1961,176,176,176,#b0b0b0
1962,80,80,80,#505050
1963,80,80,112,#705050
1964,80,80,80,#505050
1965,112,144,144,#909070
1966,80,112,80,#507050
1967,112,144,144,#909070
1968,48,48,48,#303030
1969,80,80,80,#505050
1970,80,80,48,#305050
1971,112,112,144,#907070
1972,80,80,112,#705050
1973,48,48,80,#503030
1974,48,48,48,#303030
1975,80,80,112,#705050
1976,80,80,80,#505050
1977,80,112,112,#707050
1978,112,112,112,#707070
1979,80,80,80,#505050
1980,112,112,112,#707070
1981,80,80,112,#705050
1982,112,112,112,#707070
1983,80,80,80,#505050
1984,80,80,112,#705050
1985,48,80,80,#505030
1986,80,80,80,#505050
1987,80,80,112,#705050
1988,48,48,80,#503030
1989,208,208,208,#d0d0d0
1990,80,80,80,#505050
1991,80,80,48,#305050
1992,80,112,112,#707050
1993,80,80,80,#505050
1994,80,80,112,#705050
1995,80,48,48,#303050
1996,80,80,112,#705050
1997,144,144,176,#b09090
1998,48,48,80,#503030
1999,80,80,112,#705050
2000,80,48,48,#303050
2001,112,144,144,#909070
2002,144,144,144,#909090
2003,80,80,80,#505050
2004,80,112,80,#507050
2005,80,48,48,#303050
2006,48,48,48,#303030
2007,48,48,48,#303030
2008,48,80,80,#505030
2009,80,80,112,#705050
2010,80,112,144,#907050
2011,48,48,48,#303030
2012,80,80,80,#505050
2013,208,208,208,#d0d0d0
2014,112,112,112,#707070
2015,80,80,112,#705050
2016,80,80,80,#505050
2017,48,48,48,#303030
2018,80,80,80,#505050
2019,80,80,80,#505050
2020,112,112,80,#507070
2021,144,176,176,#b0b090
2022,80,80,80,#505050
2023,80,112,144,#907050
2024,80,80,112,#705050
2025,80,112,112,#707050
2026,80,48,48,#303050
2027,112,112,144,#907070
2028,80,48,48,#303050
2029,80,80,112,#705050
2030,48,48,80,#503030
2031,48,48,80,#503030
2032,48,80,112,#705030
2033,80,80,112,#705050
2034,48,48,48,#303030
2035,48,48,80,#503030
2036,48,48,48,#303030
2037,80,112,112,#707050
2038,80,80,80,#505050
2039,80,80,80,#505050
2040,48,80,80,#505030
2041,80,48,48,#303050
2042,80,80,80,#505050
2043,48,48,48,#303030
2044,48,48,80,#503030
2045,240,240,240,#f0f0f0
2046,112,144,144,#909070
2047,144,144,176,#b09090
2048,48,48,48,#303030
2049,240,240,240,#f0f0f0
2050,48,80,80,#505030
2051,80,80,112,#705050
2052,240,240,240,#f0f0f0
2053,80,48,48,#303050
2054,80,80,80,#505050
2055,48,80,80,#505030
2056,80,80,80,#505050
2057,112,112,112,#707070
2058,48,48,80,#503030
2059,80,80,80,#505050
2060,48,112,80,#507030
2061,80,80,112,#705050
2062,48,48,80,#503030
2063,112,112,144,#907070
2064,80,80,80,#505050
2065,112,112,144,#907070
2066,80,80,80,#505050
2067,144,144,144,#909090
2068,48,48,48,#303030
2069,80,112,112,#707050
2070,48,48,80,#503030
2071,80,80,112,#705050
2072,80,80,80,#505050
2073,112,112,112,#707070
2074,80,80,80,#505050
2075,48,48,48,#303030
2076,80,80,80,#505050
2077,144,144,144,#909090
2078,48,48,48,#303030
2079,80,80,112,#705050
2080,80,80,80,#505050
2081,80,80,80,#505050
2082,80,80,80,#505050
2083,112,112,144,#907070
2084,144,144,176,#b09090
2085,112,144,144,#909070
2086,48,48,48,#303030
2087,112,112,144,#907070
2088,48,48,48,#303030
2089,112,112,112,#707070
2090,48,80,80,#505030
2091,80,112,112,#707050
2092,80,80,80,#505050
2093,112,112,144,#907070
2094,112,112,112,#707070
2095,80,80,112,#705050
2096,80,80,112,#705050
2097,112,112,112,#707070
2098,80,80,112,#705050
2099,48,48,48,#303030
2100,80,80,112,#705050
2101,48,48,48,#303030
2102,80,112,112,#707050
2103,80,112,144,#907050
2104,112,144,144,#909070
2105,48,80,112,#705030
2106,80,80,80,#505050
2107,80,80,80,#505050
2108,80,112,144,#907050
2109,80,80,80,#505050
2110,80,80,80,#505050
2111,80,112,112,#707050
2112,112,112,112,#707070
2113,240,240,240,#f0f0f0
2114,80,80,112,#705050
2115,48,48,48,#303030
2116,112,144,144,#909070
2117,112,112,144,#907070
2118,80,80,80,#505050
2119,112,112,144,#907070
2120,48,80,112,#705030
2121,80,80,80,#505050
2122,80,80,112,#705050
2123,48,80,48,#305030
2124,80,48,48,#303050
2125,48,48,48,#303030
2126,144,144,176,#b09090
2127,48,48,48,#303030
2128,80,80,80,#505050
2129,80,80,80,#505050
2130,144,176,176,#b0b090
2131,112,144,144,#909070
2132,80,80,112,#705050
2133,48,48,48,#303030
2134,80,112,144,#907050
2135,80,80,112,#705050
2136,48,48,48,#303030
2137,144,144,176,#b09090
2138,80,112,112,#707050
2139,80,112,112,#707050
2140,176,176,208,#d0b0b0
2141,240,240,240,#f0f0f0
2142,80,80,80,#505050
2143,144,144,176,#b09090
2144,80,80,80,#505050
2145,80,80,112,#705050
2146,48,48,48,#303030
2147,144,176,176,#b0b090
2148,80,112,144,#907050
2149,48,48,48,#303030
2150,80,80,112,#705050
2151,112,176,176,#b0b070
2152,48,48,48,#303030
2153,80,80,112,#705050
2154,80,80,112,#705050
2155,80,112,112,#707050
2156,48,80,80,#505030
2157,80,80,80,#505050
2158,80,80,112,#705050
2159,48,48,80,#503030
2160,80,80,80,#505050
2161,80,80,48,#305050
2162,80,80,80,#505050
2163,112,112,112,#707070
2164,112,144,144,#909070
2165,112,144,144,#909070
2166,80,80,80,#505050
2167,144,176,176,#b0b090
2168,112,144,176,#b09070
2169,80,80,112,#705050
2170,144,144,144,#909090
2171,240,240,240,#f0f0f0
2172,240,240,240,#f0f0f0
2173,48,48,48,#303030
2174,80,80,112,#705050
2175,240,240,240,#f0f0f0
2176,240,240,240,#f0f0f0
2177,112,144,112,#709070
2178,80,112,112,#707050
2179,80,80,112,#705050
2180,112,144,144,#909070
2181,144,144,144,#909090
2182,80,80,80,#505050
2183,80,80,112,#705050
2184,48,48,48,#303030
2185,112,112,112,#707070
2186,48,80,112,#705030
2187,80,112,112,#707050
2188,80,80,80,#505050
2189,80,80,112,#705050
2190,112,112,112,#707070
2191,112,144,176,#b09070
2192,80,80,112,#705050
2193,144,144,144,#909090
2194,48,48,48,#303030
2195,112,112,144,#907070
2196,80,80,80,#505050
2197,80,112,112,#707050
2198,112,112,144,#907070
2199,48,48,80,#503030
2200,112,112,112,#707070
2201,112,112,144,#907070
2202,80,80,80,#505050
2203,80,80,80,#505050
2204,112,112,112,#707070
2205,80,80,80,#505050
2206,112,144,144,#909070
2207,112,112,144,#907070
2208,144,176,176,#b0b090
2209,112,144,144,#909070
2210,80,80,80,#505050
2211,176,176,208,#d0b0b0
2212,80,112,112,#707050
2213,80,80,112,#705050
2214,80,80,80,#505050
2215,112,112,112,#707070
2216,48,48,48,#303030
2217,80,80,80,#505050
2218,80,112,112,#707050
2219,80,80,80,#505050
2220,48,80,48,#305030
2221,144,144,176,#b09090
2222,112,112,144,#907070
2223,112,144,176,#b09070
2224,240,240,240,#f0f0f0
2225,80,80,112,#705050
2226,48,48,48,#303030
2227,144,144,144,#909090
2228,208,240,208,#d0f0d0
2229,80,80,112,#705050
2230,80,112,144,#907050
2231,80,80,112,#705050
2232,80,112,112,#707050
2233,112,144,144,#909070
2234,80,80,80,#505050
2235,144,240,208,#d0f090
2236,80,112,144,#907050
2237,80,80,112,#705050
2238,48,48,80,#503030
2239,112,112,112,#707070
2240,144,144,144,#909090
2241,80,48,80,#503050
2242,176,208,208,#d0d0b0
2243,80,80,112,#705050
2244,48,48,48,#303030
2245,112,144,144,#909070
2246,80,112,112,#707050
2247,176,176,176,#b0b0b0
2248,112,144,144,#909070
2249,80,112,112,#707050
2250,80,80,80,#505050
2251,80,80,80,#505050
2252,48,80,80,#505030
2253,48,48,80,#503030
2254,112,176,144,#90b070
2255,80,80,80,#505050
2256,48,48,48,#303030
2257,48,48,80,#503030
2258,80,112,112,#707050
2259,80,80,80,#505050
2260,80,80,80,#505050
2261,80,80,112,#705050
2262,112,112,112,#707070
2263,48,80,80,#505030
2264,80,112,112,#707050
2265,112,112,112,#707070
2266,80,80,112,#705050
2267,112,144,144,#909070
2268,112,112,112,#707070
2269,112,112,144,#907070
2270,80,112,80,#507050
2271,144,144,144,#909090
2272,112,112,112,#707070
2273,80,80,80,#505050
2274,80,80,112,#705050
2275,80,112,144,#907050
2276,112,144,144,#909070
2277,48,48,48,#303030
2278,80,80,112,#705050
2279,112,144,176,#b09070
2280,112,144,144,#909070
2281,112,144,144,#909070
2282,144,144,144,#909090
2283,48,48,48,#303030
2284,176,208,208,#d0d0b0
2285,80,112,112,#707050
2286,176,208,208,#d0d0b0
2287,176,176,176,#b0b0b0
2288,112,112,112,#707070
2289,80,80,112,#705050
2290,48,48,80,#503030
2291,80,112,80,#507050
2292,80,80,112,#705050
2293,48,48,48,#303030
2294,80,80,80,#505050
2295,80,80,112,#705050
2296,80,80,80,#505050
2297,80,80,80,#505050
2298,144,176,176,#b0b090
2299,144,176,176,#b0b090
2300,112,112,144,#907070
2301,80,80,80,#505050
2302,80,112,144,#907050
2303,80,80,80,#505050
2304,80,80,112,#705050
2305,80,112,112,#707050
2306,48,48,80,#503030
2307,80,112,112,#707050
2308,48,80,48,#305030
2309,144,144,144,#909090
2310,144,144,144,#909090
2311,176,240,208,#d0f0b0
2312,144,144,144,#909090
2313,112,112,112,#707070
2314,144,144,176,#b09090
2315,208,240,240,#f0f0d0
2316,80,112,144,#907050
2317,112,144,144,#909070
2318,48,48,80,#503030
2319,144,144,144,#909090
2320,48,48,48,#303030
2321,112,144,144,#909070
2322,80,112,144,#907050
2323,48,80,80,#505030
2324,80,80,80,#505050
2325,48,48,80,#503030
2326,112,144,144,#909070
2327,48,80,80,#505030
2328,144,144,144,#909090
2329,48,48,80,#503030
2330,48,48,48,#303030
2331,112,144,144,#909070
2332,80,80,112,#705050
2333,80,80,112,#705050
2334,112,112,112,#707070
2335,80,80,112,#705050
2336,80,112,112,#707050
2337,208,208,208,#d0d0d0
2338,48,48,48,#303030
2339,80,112,144,#907050
2340,48,48,48,#303030
2341,176,176,176,#b0b0b0
2342,48,80,80,#505030
2343,80,80,80,#505050
2344,80,80,80,#505050
2345,80,80,112,#705050
2346,112,112,112,#707070
2347,80,80,112,#705050
2348,80,80,80,#505050
2349,80,80,112,#705050
2350,80,112,112,#707050
2351,80,80,80,#505050
2352,80,144,144,#909050
2353,80,80,112,#705050
2354,144,144,176,#b09090
2355,112,144,144,#909070
2356,80,80,80,#505050
2357,112,112,144,#907070
2358,240,240,240,#f0f0f0
2359,48,48,48,#303030
2360,80,80,80,#505050
2361,80,112,144,#907050
2362,112,112,144,#907070
2363,80,112,144,#907050
2364,80,80,112,#705050
2365,48,48,48,#303030
2366,112,112,144,#907070
2367,80,112,112,#707050
2368,80,80,112,#705050
2369,80,80,80,#505050
2370,112,112,144,#907070
2371,112,112,112,#707070
2372,176,176,176,#b0b0b0
2373,80,80,80,#505050
2374,112,144,144,#909070
2375,48,48,48,#303030
2376,80,112,80,#507050
2377,80,80,80,#505050
2378,80,80,112,#705050
2379,80,80,80,#505050
2380,176,176,176,#b0b0b0
2381,80,112,112,#707050
2382,176,208,208,#d0d0b0
2383,80,112,112,#707050
2384,48,80,80,#505030
2385,112,112,144,#907070
2386,48,48,48,#303030
2387,80,80,112,#705050
2388,112,112,112,#707070
2389,112,112,112,#707070
2390,80,48,48,#303050
2391,48,80,80,#505030
2392,48,80,80,#505030
2393,80,80,112,#705050
2394,80,80,112,#705050
2395,112,112,176,#b07070
2396,80,80,80,#505050
2397,80,80,80,#505050
2398,112,112,112,#707070
2399,144,176,208,#d0b090
2400,112,112,112,#707070
2401,80,80,112,#705050
2402,144,144,176,#b09090
2403,112,112,144,#907070
2404,48,48,48,#303030
2405,80,80,80,#505050
2406,112,112,112,#707070
2407,112,112,112,#707070
2408,48,48,48,#303030
2409,80,80,80,#505050
2410,144,176,176,#b0b090
2411,144,176,176,#b0b090
2412,48,48,80,#503030
2413,80,80,80,#505050
2414,208,208,208,#d0d0d0
2415,112,112,144,#907070
2416,112,112,144,#907070
2417,80,112,112,#707050
2418,144,144,144,#909090
2419,112,144,144,#909070
2420,80,80,112,#705050
2421,208,240,240,#f0f0d0
2422,176,208,208,#d0d0b0
2423,80,80,112,#705050
2424,80,112,80,#507050
2425,144,144,144,#909090
2426,112,112,144,#907070
2427,80,80,112,#705050
2428,144,144,144,#909090
2429,80,80,80,#505050
2430,80,112,144,#907050
2431,48,48,80,#503030
2432,144,144,144,#909090
2433,144,144,144,#909090
2434,80,80,112,#705050
2435,112,112,112,#707070
2436,112,112,144,#907070
2437,80,80,144,#905050
2438,48,48,48,#303030
2439,80,80,80,#505050
2440,176,176,208,#d0b0b0
2441,80,112,144,#907050
2442,80,48,48,#303050
2443,80,80,80,#505050
2444,48,48,80,#503030
2445,144,144,144,#909090
2446,176,176,176,#b0b0b0
2447,80,80,80,#505050
2448,80,80,80,#505050
2449,80,80,80,#505050
2450,144,176,176,#b0b090
2451,112,112,112,#707070
2452,112,112,112,#707070
2453,80,112,144,#907050
2454,80,80,80,#505050
2455,112,112,112,#707070
2456,112,112,144,#907070
2457,112,112,112,#707070
2458,48,48,48,#303030
2459,80,80,80,#505050
2460,80,80,80,#505050
2461,112,112,112,#707070
2462,48,80,80,#505030
2463,112,112,112,#707070
2464,80,80,80,#505050
2465,48,48,48,#303030
2466,48,48,80,#503030
2467,80,48,48,#303050
2468,80,112,112,#707050
2469,80,80,112,#705050
2470,80,80,112,#705050
2471,144,144,144,#909090
2472,80,80,80,#505050
2473,48,48,48,#303030
2474,80,80,80,#505050
2475,80,112,144,#907050
2476,80,80,80,#505050
2477,112,112,144,#907070
2478,48,48,48,#303030
2479,80,80,80,#505050
2480,112,144,176,#b09070
2481,48,48,48,#303030
2482,144,144,144,#909090
2483,80,80,112,#705050
2484,112,112,144,#907070
2485,48,16,16,#101030
2486,80,80,112,#705050
2487,144,144,144,#909090
2488,48,80,80,#505030
2489,48,48,48,#303030
2490,144,144,176,#b09090
2491,80,80,80,#505050
2492,144,144,144,#909090
2493,112,112,112,#707070
2494,80,80,80,#505050
2495,80,80,112,#705050
2496,112,112,112,#707070
2497,48,80,80,#505030
2498,80,80,112,#705050
2499,176,176,208,#d0b0b0
2500,80,80,112,#705050
2501,208,240,240,#f0f0d0
2502,112,112,112,#707070
2503,80,80,80,#505050
2504,112,112,112,#707070
2505,48,48,48,#303030
2506,112,112,112,#707070
2507,176,176,176,#b0b0b0
2508,144,144,144,#909090
2509,112,112,112,#707070
2510,144,144,144,#909090
2511,176,176,176,#b0b0b0
2512,48,48,80,#503030
2513,208,240,240,#f0f0d0
2514,80,112,144,#907050
2515,48,80,80,#505030
2516,144,176,176,#b0b090
2517,176,176,176,#b0b0b0
2518,144,144,144,#909090
2519,144,144,144,#909090
2520,48,48,80,#503030
2521,112,112,112,#707070
2522,112,112,112,#707070
2523,80,80,80,#505050
2524,80,80,80,#505050
2525,80,80,112,#705050
2526,48,48,80,#503030
2527,80,112,112,#707050
2528,48,48,48,#303030
2529,80,80,80,#505050
2530,80,80,80,#505050
2531,80,80,80,#505050
2532,48,48,48,#303030
2533,80,80,80,#505050
2534,48,80,80,#505030
2535,80,80,80,#505050
2536,80,80,80,#505050
2537,144,144,176,#b09090
2538,80,80,112,#705050
2539,112,112,144,#907070
2540,80,80,80,#505050
2541,112,144,144,#909070
2542,48,48,48,#303030
2543,80,80,112,#705050
2544,48,48,48,#303030
2545,112,112,112,#707070
2546,208,208,208,#d0d0d0
2547,48,48,48,#303030
2548,112,112,112,#707070
2549,80,80,80,#505050
2550,48,48,48,#303030
2551,112,112,112,#707070
2552,80,112,112,#707050
2553,48,48,48,#303030
2554,48,48,48,#303030
2555,80,80,80,#505050
2556,112,144,176,#b09070
2557,144,144,144,#909090
2558,80,80,80,#505050
2559,80,80,80,#505050
2560,144,176,208,#d0b090
2561,80,80,80,#505050
2562,112,112,112,#707070
2563,144,176,208,#d0b090
2564,80,80,80,#505050
2565,112,112,144,#907070
2566,144,144,144,#909090
2567,48,48,48,#303030
2568,112,144,176,#b09070
2569,48,48,48,#303030
2570,48,48,48,#303030
2571,48,80,80,#505030
2572,48,48,48,#303030
2573,80,112,112,#707050
2574,48,80,80,#505030
2575,80,80,80,#505050
2576,48,80,80,#505030
2577,48,48,48,#303030
2578,80,80,112,#705050
2579,48,48,48,#303030
2580,144,176,240,#f0b090
2581,48,48,48,#303030
2582,48,48,48,#303030
2583,80,80,112,#705050
2584,48,48,48,#303030
2585,48,48,48,#303030
2586,48,48,48,#303030
2587,80,80,112,#705050
2588,112,112,112,#707070
2589,48,48,48,#303030
2590,80,80,80,#505050
2591,80,48,48,#303050
2592,144,176,208,#d0b090
2593,144,144,144,#909090
2594,112,112,112,#707070
2595,112,112,112,#707070
2596,144,208,240,#f0d090
2597,48,48,48,#303030
2598,48,80,80,#505030
2599,112,112,112,#707070
2600,48,48,80,#503030
2601,80,80,80,#505050
2602,48,48,48,#303030
2603,80,80,80,#505050
2604,80,80,80,#505050
2605,144,176,208,#d0b090
2606,80,80,80,#505050
2607,80,80,80,#505050
2608,80,80,112,#705050
2609,48,48,16,#103030
2610,144,144,176,#b09090
2611,80,80,80,#505050
2612,48,48,48,#303030
2613,80,80,80,#505050
2614,80,80,80,#505050
2615,112,144,144,#909070
2616,112,112,112,#707070
2617,112,112,144,#907070
2618,48,48,16,#103030
2619,48,48,48,#303030
2620,112,176,208,#d0b070
2621,48,48,48,#303030
2622,112,144,176,#b09070
2623,112,144,176,#b09070
2624,112,144,144,#909070
2625,80,80,80,#505050
2626,144,176,176,#b0b090
2627,80,80,112,#705050
2628,144,176,208,#d0b090
2629,48,48,48,#303030
2630,80,112,112,#707050
2631,80,112,144,#907050
2632,80,80,112,#705050
2633,48,48,80,#503030
2634,144,176,208,#d0b090
2635,144,176,208,#d0b090
2636,80,80,80,#505050
2637,112,112,112,#707070
2638,80,112,112,#707050
2639,48,48,48,#303030
2640,80,80,80,#505050
2641,112,112,144,#907070
2642,80,80,112,#705050
2643,80,80,112,#705050
2644,48,80,80,#505030
2645,48,48,48,#303030
2646,80,112,112,#707050
2647,80,80,80,#505050
2648,112,112,176,#b07070
2649,48,48,48,#303030
2650,48,48,48,#303030
2651,48,48,48,#303030
2652,112,112,112,#707070
2653,80,80,112,#705050
2654,48,48,48,#303030
2655,144,176,176,#b0b090
2656,48,48,48,#303030
2657,80,48,48,#303050
2658,48,48,48,#303030
2659,48,48,80,#503030
2660,80,80,112,#705050
2661,80,80,112,#705050
2662,80,80,80,#505050
2663,80,112,112,#707050
2664,80,80,112,#705050
2665,48,48,80,#503030
2666,80,80,80,#505050
2667,48,48,48,#303030
2668,48,48,48,#303030
2669,80,80,80,#505050
2670,144,176,240,#f0b090
2671,80,80,80,#505050
2672,80,48,48,#303050
2673,48,48,80,#503030
2674,80,80,80,#505050
2675,48,48,48,#303030
2676,80,80,144,#905050
2677,48,48,48,#303030
2678,80,112,176,#b07050
2679,80,112,144,#907050
2680,80,80,112,#705050
2681,80,80,112,#705050
2682,48,48,48,#303030
2683,112,144,176,#b09070
2684,80,112,112,#707050
2685,48,48,48,#303030
2686,80,80,80,#505050
2687,112,144,176,#b09070
2688,80,80,80,#505050
2689,48,48,80,#503030
2690,48,48,48,#303030
2691,48,48,48,#303030
2692,48,80,80,#505030
2693,48,48,48,#303030
2694,176,176,208,#d0b0b0
2695,144,144,176,#b09090
2696,48,48,48,#303030
2697,144,144,176,#b09090
2698,176,176,208,#d0b0b0
2699,48,48,80,#503030
2700,80,80,80,#505050
2701,48,48,48,#303030
2702,112,112,144,#907070
2703,80,80,80,#505050
2704,144,176,176,#b0b090
2705,144,176,208,#d0b090
2706,80,80,80,#505050
2707,80,112,144,#907050
2708,80,80,112,#705050
2709,80,112,144,#907050
2710,80,80,80,#505050
2711,48,48,80,#503030
2712,80,80,112,#705050
2713,80,80,80,#505050
2714,80,80,80,#505050
2715,80,80,80,#505050
2716,80,80,112,#705050
2717,48,48,48,#303030
2718,112,112,144,#907070
2719,48,48,48,#303030
2720,80,112,112,#707050
2721,80,80,112,#705050
2722,48,48,16,#103030
2723,80,80,80,#505050
2724,48,48,48,#303030
2725,80,80,80,#505050
2726,80,48,48,#303050
2727,48,48,80,#503030
2728,48,80,80,#505030
2729,112,144,176,#b09070
2730,48,48,48,#303030
2731,48,48,48,#303030
2732,48,48,80,#503030
2733,48,48,80,#503030
2734,48,48,80,#503030
2735,48,48,80,#503030
2736,144,144,176,#b09090
2737,48,48,80,#503030
2738,80,80,80,#505050
2739,48,48,80,#503030
2740,48,48,48,#303030
2741,80,80,112,#705050
2742,80,80,112,#705050
2743,48,48,48,#303030
2744,48,48,80,#503030
2745,80,80,80,#505050
2746,48,48,48,#303030
2747,48,48,80,#503030
2748,48,48,48,#303030
2749,48,48,48,#303030
2750,80,112,112,#707050
2751,48,48,48,#303030
2752,48,48,80,#503030
2753,80,80,112,#705050
2754,80,80,112,#705050
2755,48,48,48,#303030
2756,80,112,176,#b07050
2757,48,48,16,#103030
2758,80,80,80,#505050
2759,48,80,80,#505030
2760,48,48,48,#303030
2761,80,112,112,#707050
2762,48,48,48,#303030
2763,48,48,48,#303030
2764,112,112,144,#907070
2765,80,112,112,#707050
2766,80,80,144,#905050
2767,80,80,112,#705050
2768,48,48,48,#303030
2769,48,48,48,#303030
2770,80,80,80,#505050
2771,80,80,144,#905050
2772,48,48,80,#503030
2773,80,80,80,#505050
2774,80,80,80,#505050
2775,144,144,176,#b09090
2776,80,80,80,#505050
2777,144,176,176,#b0b090
2778,80,112,144,#907050
2779,112,144,144,#909070
2780,48,80,80,#505030
2781,144,144,176,#b09090
2782,144,176,176,#b0b090
2783,48,48,48,#303030
2784,144,144,176,#b09090
2785,48,48,48,#303030
2786,80,80,80,#505050
2787,80,80,80,#505050
2788,80,80,80,#505050
2789,48,48,16,#103030
2790,80,80,80,#505050
2791,112,112,112,#707070
2792,48,48,48,#303030
2793,48,48,48,#303030
2794,48,48,48,#303030
2795,48,48,48,#303030
2796,80,80,80,#505050
2797,112,144,144,#909070
2798,80,80,80,#505050
2799,48,48,48,#303030
2800,80,80,80,#505050
2801,80,80,80,#505050
2802,48,48,48,#303030
2803,80,48,80,#503050
2804,80,80,112,#705050
2805,80,80,80,#505050
2806,80,80,112,#705050
2807,144,176,176,#b0b090
2808,80,80,80,#505050
2809,80,80,112,#705050
2810,80,80,80,#505050
2811,112,112,112,#707070
2812,80,80,80,#505050
2813,80,80,112,#705050
2814,80,80,80,#505050
2815,80,80,112,#705050
2816,80,80,80,#505050
2817,80,80,80,#505050
2818,80,80,80,#505050
2819,48,48,48,#303030
2820,80,80,112,#705050
2821,48,48,48,#303030
2822,80,80,112,#705050
2823,80,80,112,#705050
2824,48,48,48,#303030
2825,80,80,80,#505050
2826,48,48,48,#303030
2827,80,112,112,#707050
2828,80,80,80,#505050
2829,48,48,48,#303030
2830,80,80,112,#705050
2831,48,48,80,#503030
2832,80,80,80,#505050
2833,112,112,144,#907070
2834,144,144,176,#b09090
2835,48,48,48,#303030
2836,112,112,144,#907070
2837,80,80,112,#705050
2838,112,112,144,#907070
2839,80,112,112,#707050
2840,80,80,80,#505050
2841,112,112,112,#707070
2842,112,112,112,#707070
2843,112,112,144,#907070
2844,48,48,48,#303030
2845,80,112,112,#707050
2846,112,112,144,#907070
2847,48,48,48,#303030
2848,80,80,112,#705050
2849,48,48,48,#303030
2850,80,80,112,#705050
2851,48,48,48,#303030
2852,48,48,48,#303030
2853,48,48,16,#103030
2854,48,80,80,#505030
2855,48,48,48,#303030
2856,80,80,80,#505050
2857,48,48,48,#303030
2858,80,80,80,#505050
2859,80,80,112,#705050
2860,80,80,80,#505050
2861,48,48,80,#503030
2862,80,112,112,#707050
2863,80,80,112,#705050
2864,112,112,144,#907070
2865,112,112,112,#707070
2866,80,80,80,#505050
2867,48,48,48,#303030
2868,112,112,112,#707070
2869,80,80,80,#505050
2870,80,80,48,#305050
2871,80,80,112,#705050
2872,112,112,144,#907070
2873,80,80,80,#505050
2874,80,80,80,#505050
2875,48,48,48,#303030
2876,80,80,80,#505050
2877,80,80,80,#505050
2878,80,80,80,#505050
2879,48,48,48,#303030
2880,48,48,48,#303030
2881,48,48,48,#303030
2882,80,80,80,#505050
2883,48,48,48,#303030
2884,80,80,80,#505050
2885,112,112,112,#707070
2886,80,80,80,#505050
2887,80,80,112,#705050
2888,80,80,112,#705050
2889,112,112,112,#707070
2890,80,80,80,#505050
2891,112,112,144,#907070
2892,80,80,112,#705050
2893,80,80,80,#505050
2894,80,80,80,#505050
2895,48,48,48,#303030
2896,80,112,112,#707050
2897,112,112,112,#707070
2898,112,112,112,#707070
2899,80,48,80,#503050
2900,80,80,80,#505050
2901,80,80,112,#705050
2902,80,80,48,#305050
2903,112,112,144,#907070
2904,48,48,80,#503030
2905,48,48,48,#303030
2906,80,80,80,#505050
2907,80,80,80,#505050
2908,48,48,48,#303030
2909,48,48,48,#303030
2910,80,80,80,#505050
2911,48,48,80,#503030
2912,80,80,112,#705050
2913,48,48,48,#303030
2914,48,48,48,#303030
2915,48,48,48,#303030
2916,48,48,48,#303030
2917,48,48,48,#303030
2918,48,48,48,#303030
2919,48,48,48,#303030
2920,48,48,48,#303030
2921,48,48,48,#303030
2922,48,48,48,#303030
2923,48,48,48,#303030
2924,48,48,48,#303030
2925,48,48,16,#103030
2926,48,48,48,#303030
2927,48,48,80,#503030
2928,48,48,48,#303030
2929,48,48,48,#303030
2930,48,48,16,#103030
2931,112,112,112,#707070
2932,48,48,80,#503030
2933,48,48,48,#303030
2934,80,80,112,#705050
2935,80,80,80,#505050
2936,48,48,48,#303030
2937,48,80,80,#505030
2938,80,80,80,#505050
2939,80,80,80,#505050
2940,48,48,48,#303030
2941,80,80,112,#705050
2942,48,48,48,#303030
2943,48,48,48,#303030
2944,80,80,80,#505050
2945,48,80,80,#505030
2946,48,48,48,#303030
2947,80,80,80,#505050
2948,48,48,48,#303030
2949,48,48,48,#303030
2950,48,48,48,#303030
2951,48,48,48,#303030
2952,48,48,48,#303030
2953,48,48,48,#303030
2954,48,48,48,#303030
2955,48,48,16,#103030
2956,48,48,48,#303030
2957,48,48,48,#303030
2958,48,48,48,#303030
2959,48,48,48,#303030
2960,80,80,80,#505050
2961,80,80,80,#505050
2962,80,80,80,#505050
2963,48,48,48,#303030
2964,80,80,80,#505050
2965,48,48,48,#303030
2966,80,80,80,#505050
2967,80,80,80,#505050
2968,48,48,16,#103030
2969,48,48,48,#303030
2970,48,48,48,#303030
2971,80,80,80,#505050
2972,80,80,80,#505050
2973,48,48,48,#303030
2974,80,80,112,#705050
2975,48,48,16,#103030
2976,48,48,48,#303030
2977,48,80,80,#505030
2978,48,48,48,#303030
2979,112,112,112,#707070
2980,80,80,80,#505050
2981,80,80,80,#505050
2982,48,48,48,#303030
2983,48,48,48,#303030
2984,48,48,16,#103030
2985,80,80,80,#505050
2986,48,48,48,#303030
2987,80,80,80,#505050
2988,80,80,80,#505050
2989,112,112,112,#707070
2990,48,48,48,#303030
2991,112,112,112,#707070
2992,48,48,48,#303030
2993,48,48,48,#303030
2994,80,80,80,#505050
2995,48,48,16,#103030
2996,80,80,80,#505050
2997,80,80,80,#505050
2998,80,80,80,#505050
2999,48,48,48,#303030
3000,48,48,48,#303030
3001,112,144,144,#909070
3002,208,240,240,#f0f0d0
3003,48,48,48,#303030
3004,48,48,16,#103030
3005,208,240,240,#f0f0d0
3006,48,48,48,#303030
3007,240,240,240,#f0f0f0
3008,176,208,208,#d0d0b0
3009,208,240,240,#f0f0d0
3010,144,144,176,#b09090
3011,48,48,16,#103030
3012,144,144,144,#909090
3013,240,240,240,#f0f0f0
3014,208,240,240,#f0f0d0
3015,208,208,240,#f0d0d0
3016,176,176,176,#b0b0b0
3017,240,240,240,#f0f0f0
3018,176,176,176,#b0b0b0
3019,208,240,240,#f0f0d0
3020,48,48,48,#303030
3021,240,240,240,#f0f0f0
3022,144,144,144,#909090
3023,80,80,112,#705050
3024,208,240,240,#f0f0d0
3025,48,48,48,#303030
3026,48,48,48,#303030
3027,48,48,48,#303030
3028,240,240,240,#f0f0f0
3029,48,48,48,#303030
3030,80,80,80,#505050
3031,48,48,48,#303030
3032,48,48,48,#303030
3033,48,48,48,#303030
3034,48,48,48,#303030
3035,48,48,48,#303030
3036,48,16,16,#101030
3037,112,112,112,#707070
3038,80,80,80,#505050
3039,80,80,112,#705050
3040,80,80,80,#505050
3041,80,80,80,#505050
3042,112,112,112,#707070
3043,80,80,112,#705050
3044,80,80,48,#305050
3045,48,16,16,#101030
3046,48,48,48,#303030
3047,48,48,48,#303030
3048,80,80,80,#505050
3049,48,48,48,#303030
3050,48,48,80,#503030
3051,48,48,48,#303030
3052,80,80,80,#505050
3053,80,80,80,#505050
3054,80,80,80,#505050
3055,80,80,80,#505050
3056,80,80,80,#505050
3057,48,48,48,#303030
3058,48,48,48,#303030
3059,48,48,48,#303030
3060,80,80,112,#705050
3061,48,48,48,#303030
3062,112,112,112,#707070
3063,48,80,48,#305030
3064,112,112,112,#707070
3065,80,80,80,#505050
3066,80,80,112,#705050
3067,80,80,80,#505050
3068,80,80,80,#505050
3069,80,112,112,#707050
3070,80,80,80,#505050
3071,80,80,80,#505050
3072,48,16,16,#101030
3073,80,80,80,#505050
3074,80,80,80,#505050
3075,48,48,48,#303030
3076,80,80,80,#505050
3077,16,16,16,#101010
3078,48,48,48,#303030
3079,48,48,16,#103030
3080,80,80,80,#505050
3081,48,16,48,#301030
3082,80,80,80,#505050
3083,48,80,48,#305030
3084,80,112,112,#707050
3085,80,80,112,#705050
3086,112,112,112,#707070
3087,48,48,48,#303030
3088,80,80,80,#505050
3089,112,112,112,#707070
3090,80,112,112,#707050
3091,80,112,112,#707050
3092,80,80,112,#705050
3093,80,80,80,#505050
3094,80,80,112,#705050
3095,208,208,208,#d0d0d0
3096,144,176,176,#b0b090
3097,80,112,112,#707050
3098,48,48,48,#303030
3099,48,48,48,#303030
3100,112,112,112,#707070
3101,80,80,80,#505050
3102,48,48,48,#303030
3103,48,80,80,#505030
3104,48,48,48,#303030
3105,80,80,80,#505050
3106,112,112,112,#707070
3107,48,48,48,#303030
3108,80,80,80,#505050
3109,48,48,48,#303030
3110,48,48,48,#303030
3111,48,48,80,#503030
3112,80,80,112,#705050
3113,80,80,80,#505050
3114,112,112,112,#707070
3115,80,80,80,#505050
3116,48,48,48,#303030
3117,48,48,48,#303030
3118,48,48,48,#303030
3119,144,144,176,#b09090
3120,80,112,112,#707050
3121,48,48,48,#303030
3122,48,80,80,#505030
3123,80,48,48,#303050
3124,112,112,144,#907070
3125,208,240,240,#f0f0d0
3126,48,48,48,#303030
3127,48,48,48,#303030
3128,112,112,112,#707070
3129,112,112,112,#707070
3130,176,208,208,#d0d0b0
3131,48,48,48,#303030
3132,112,112,112,#707070
3133,112,112,112,#707070
3134,80,80,80,#505050
3135,48,48,80,#503030
3136,144,144,144,#909090
3137,48,48,48,#303030
3138,48,48,48,#303030
3139,48,48,48,#303030
3140,48,48,48,#303030
3141,48,48,48,#303030
3142,80,80,80,#505050
3143,48,48,48,#303030
3144,80,80,80,#505050
3145,112,112,112,#707070
3146,80,80,80,#505050
3147,80,80,80,#505050
3148,112,112,112,#707070
3149,112,144,144,#909070
3150,48,48,48,#303030
3151,144,144,176,#b09090
3152,144,144,144,#909090
3153,112,112,112,#707070
3154,48,48,80,#503030
3155,80,80,80,#505050
3156,112,112,112,#707070
3157,48,48,48,#303030
3158,80,112,112,#707050
3159,80,80,80,#505050
3160,80,80,80,#505050
3161,80,112,144,#907050
3162,112,112,112,#707070
3163,112,112,112,#707070
3164,80,80,80,#505050
3165,112,112,112,#707070
3166,112,112,112,#707070
3167,144,144,144,#909090
3168,80,80,80,#505050
3169,176,208,208,#d0d0b0
3170,80,80,80,#505050
3171,80,80,112,#705050
3172,112,112,112,#707070
3173,80,80,80,#505050
3174,80,80,80,#505050
3175,48,48,48,#303030
3176,80,80,80,#505050
3177,80,80,80,#505050
3178,48,48,48,#303030
3179,80,80,80,#505050
3180,48,48,80,#503030
3181,112,112,112,#707070
3182,80,80,112,#705050
3183,80,80,112,#705050
3184,48,48,48,#303030
3185,80,80,80,#505050
3186,80,80,80,#505050
3187,80,80,112,#705050
3188,112,112,112,#707070
3189,48,48,48,#303030
3190,48,48,48,#303030
3191,112,112,112,#707070
3192,144,144,144,#909090
3193,80,80,80,#505050
3194,80,80,80,#505050
3195,112,112,112,#707070
3196,80,80,80,#505050
3197,80,80,80,#505050
3198,112,112,144,#907070
3199,80,112,112,#707050
3200,112,112,112,#707070
3201,208,208,208,#d0d0d0
3202,48,48,48,#303030
3203,80,80,80,#505050
3204,80,80,80,#505050
3205,80,80,112,#705050
3206,208,208,208,#d0d0d0
3207,112,112,112,#707070
3208,48,48,48,#303030
3209,48,48,48,#303030
3210,112,112,112,#707070
3211,80,80,80,#505050
3212,208,208,208,#d0d0d0
3213,80,80,80,#505050
3214,80,80,80,#505050
3215,48,48,48,#303030
3216,80,80,80,#505050
3217,48,48,80,#503030
3218,48,48,48,#303030
3219,48,48,48,#303030
3220,48,48,48,#303030
3221,80,80,80,#505050
3222,112,112,112,#707070
3223,80,80,80,#505050
3224,48,80,48,#305030
3225,48,80,80,#505030
3226,80,80,80,#505050
3227,48,48,48,#303030
3228,48,80,80,#505030
3229,48,48,48,#303030
3230,48,48,48,#303030
3231,176,208,208,#d0d0b0
3232,144,144,176,#b09090
3233,144,144,144,#909090
3234,48,48,48,#303030
3235,80,80,80,#505050
3236,80,80,80,#505050
3237,80,80,112,#705050
3238,80,80,80,#505050
3239,48,80,48,#305030
3240,176,208,208,#d0d0b0
3241,208,208,208,#d0d0d0
3242,208,240,240,#f0f0d0
3243,80,80,112,#705050
3244,80,80,80,#505050
3245,80,112,112,#707050
3246,176,208,208,#d0d0b0
3247,48,48,48,#303030
3248,208,240,240,#f0f0d0
3249,48,80,80,#505030
3250,176,208,208,#d0d0b0
3251,80,80,80,#505050
3252,48,48,48,#303030
3253,80,80,80,#505050
3254,112,112,144,#907070
3255,112,144,144,#909070
3256,80,80,80,#505050
3257,208,240,240,#f0f0d0
3258,208,240,240,#f0f0d0
3259,240,240,240,#f0f0f0
3260,112,112,112,#707070
3261,176,176,208,#d0b0b0
3262,176,176,176,#b0b0b0
3263,208,208,208,#d0d0d0
3264,80,80,112,#705050
3265,208,240,240,#f0f0d0
3266,176,176,208,#d0b0b0
3267,208,208,240,#f0d0d0
3268,112,112,112,#707070
3269,208,240,240,#f0f0d0
3270,208,208,208,#d0d0d0
3271,208,208,208,#d0d0d0
3272,208,208,208,#d0d0d0
3273,240,240,240,#f0f0f0
3274,208,240,240,#f0f0d0
3275,208,240,240,#f0f0d0
3276,80,80,80,#505050
3277,80,80,80,#505050
3278,80,80,112,#705050
3279,208,208,208,#d0d0d0
3280,208,240,240,#f0f0d0
3281,208,240,240,#f0f0d0
3282,208,240,240,#f0f0d0
3283,80,80,80,#505050
3284,208,240,240,#f0f0d0
3285,208,208,240,#f0d0d0
3286,208,240,240,#f0f0d0
3287,240,240,240,#f0f0f0
3288,176,208,208,#d0d0b0
3289,208,240,240,#f0f0d0
